0, 5063.017796760156
1, 5063.017796760156
2, 5063.017796760156
3, 5036.684763306195
4, 5009.295007897583
5, 4945.063033018117
6, 4903.23419634341
7, 4903.23419634341
8, 4868.348027032738
9, 4868.348027032738
10, 4830.560878181106
11, 4830.560878181106
12, 4830.560878181106
13, 4830.560878181106
14, 4821.8338093580105
15, 4821.8338093580105
16, 4821.8338093580105
17, 4796.131687848211
18, 4796.131687848211
19, 4796.131687848211
20, 4793.854602237122
21, 4793.854602237122
22, 4779.600507861213
23, 4779.600507861213
24, 4779.600507861213
25, 4779.600507861213
26, 4779.600507861213
27, 4779.600507861213
28, 4779.600507861213
29, 4779.600507861213
30, 4779.600507861213
31, 4779.600507861213
32, 4762.283640720562
33, 4733.410158980214
34, 4733.410158980214
35, 4733.410158980214
36, 4733.410158980214
37, 4733.410158980214
38, 4680.954939264669
39, 4666.665152624691
40, 4621.049275531026
41, 4621.049275531026
42, 4621.049275531026
43, 4605.354571638261
44, 4584.617143845421
45, 4570.0319596958225
46, 4570.0319596958225
47, 4570.0319596958225
48, 4570.0319596958225
49, 4567.978472027543
50, 4567.978472027543
51, 4567.978472027543
52, 4567.978472027543
53, 4567.978472027543
54, 4535.98691019625
55, 4529.157827437043
56, 4486.803080641429
57, 4486.803080641429
58, 4485.3871443755515
59, 4485.3871443755515
60, 4485.3871443755515
61, 4485.3871443755515
62, 4464.655240182028
63, 4464.655240182028
64, 4446.432758565594
65, 4446.432758565594
66, 4446.432758565594
67, 4446.432758565594
68, 4440.066196449405
69, 4440.066196449405
70, 4434.213178579121
71, 4433.6772191688415
72, 4433.6772191688415
73, 4372.801451759939
74, 4372.801451759939
75, 4372.801451759939
76, 4372.801451759939
77, 4334.713039131823
78, 4333.54625331329
79, 4333.54625331329
80, 4333.54625331329
81, 4331.327124456295
82, 4331.327124456295
83, 4329.543207761941
84, 4329.543207761941
85, 4223.52700833112
86, 4223.52700833112
87, 4223.52700833112
88, 4202.592831348317
89, 4171.743990625909
90, 4149.263318005011
91, 4120.014402686028
92, 4091.888020336668
93, 4083.841952265345
94, 4079.849047182438
95, 4079.849047182438
96, 4057.5047451003365
97, 4057.5047451003365
98, 4055.324644058636
99, 4055.324644058636
100, 4055.324644058636
101, 4055.324644058636
102, 4055.324644058636
103, 4055.324644058636
104, 4030.5124355548664
105, 4030.5124355548664
106, 4030.5124355548664
107, 3980.3291138036907
108, 3980.3291138036907
109, 3944.658607063999
110, 3944.658607063999
111, 3913.5815528716957
112, 3898.045951029616
113, 3898.045951029616
114, 3898.045951029616
115, 3898.045951029616
116, 3898.045951029616
117, 3891.633423182076
118, 3891.633423182076
119, 3891.633423182076
120, 3891.633423182076
121, 3891.633423182076
122, 3891.633423182076
123, 3891.385364879129
124, 3891.385364879129
125, 3860.5868252251707
126, 3860.5868252251707
127, 3839.944840777208
128, 3839.944840777208
129, 3839.944840777208
130, 3839.944840777208
131, 3839.944840777208
132, 3839.944840777208
133, 3839.944840777208
134, 3755.037493014378
135, 3755.037493014378
136, 3755.037493014378
137, 3755.037493014378
138, 3721.320157493196
139, 3721.320157493196
140, 3721.320157493196
141, 3721.320157493196
142, 3669.156946158643
143, 3669.156946158643
144, 3669.156946158643
145, 3663.3654306979984
146, 3663.3654306979984
147, 3663.3654306979984
148, 3663.3654306979984
149, 3663.3654306979984
150, 3631.270892288462
151, 3631.270892288462
152, 3628.180185250454
153, 3619.3457653493397
154, 3619.3457653493397
155, 3619.3457653493397
156, 3618.4935774818814
157, 3618.4935774818814
158, 3618.4935774818814
159, 3580.7570098298393
160, 3580.7570098298393
161, 3580.7570098298393
162, 3580.7570098298393
163, 3580.7570098298393
164, 3548.3493478288938
165, 3546.7898634491403
166, 3546.7898634491403
167, 3545.3240642997243
168, 3545.3240642997243
169, 3545.3240642997243
170, 3545.3240642997243
171, 3545.3240642997243
172, 3545.3240642997243
173, 3545.3240642997243
174, 3545.2774518212177
175, 3545.2774518212177
176, 3537.8338419137353
177, 3537.8338419137353
178, 3537.8338419137353
179, 3537.8338419137353
180, 3537.8338419137353
181, 3528.281656453133
182, 3528.281656453133
183, 3528.281656453133
184, 3528.281656453133
185, 3528.281656453133
186, 3516.630198110568
187, 3476.0837048438134
188, 3476.0837048438134
189, 3447.3041269633704
190, 3447.3041269633704
191, 3447.3041269633704
192, 3434.8291629730084
193, 3434.8291629730084
194, 3434.8291629730084
195, 3434.8291629730084
196, 3423.799107302169
197, 3423.799107302169
198, 3423.799107302169
199, 3423.799107302169
200, 3423.799107302169
201, 3423.799107302169
202, 3423.799107302169
203, 3423.799107302169
204, 3413.8414407571177
205, 3413.8414407571177
206, 3413.8414407571177
207, 3413.8414407571177
208, 3413.8414407571177
209, 3392.202286488003
210, 3392.202286488003
211, 3392.202286488003
212, 3392.202286488003
213, 3392.202286488003
214, 3392.202286488003
215, 3392.202286488003
216, 3392.202286488003
217, 3392.202286488003
218, 3391.0649944482916
219, 3391.0649944482916
220, 3391.0649944482916
221, 3391.0649944482916
222, 3390.994257329386
223, 3390.994257329386
224, 3390.994257329386
225, 3377.6931437582134
226, 3377.6931437582134
227, 3377.6931437582134
228, 3377.6931437582134
229, 3360.999347812848
230, 3360.999347812848
231, 3360.999347812848
232, 3360.999347812848
233, 3360.999347812848
234, 3352.0205029429317
235, 3313.642647528325
236, 3313.642647528325
237, 3313.642647528325
238, 3307.3338014526125
239, 3281.607582493391
240, 3281.607582493391
241, 3281.225843721514
242, 3281.225843721514
243, 3281.225843721514
244, 3281.225843721514
245, 3281.225843721514
246, 3281.225843721514
247, 3281.225843721514
248, 3281.225843721514
249, 3255.1522793675886
250, 3255.1522793675886
251, 3255.1522793675886
252, 3255.1522793675886
253, 3255.1522793675886
254, 3255.1522793675886
255, 3255.1522793675886
256, 3255.1522793675886
257, 3220.70371057201
258, 3220.1139527221235
259, 3220.1139527221235
260, 3220.1139527221235
261, 3220.1139527221235
262, 3192.0136515644035
263, 3192.0136515644035
264, 3192.0136515644035
265, 3184.3524134949967
266, 3184.3524134949967
267, 3184.3524134949967
268, 3168.8604768835116
269, 3168.8604768835116
270, 3168.8604768835116
271, 3168.8604768835116
272, 3168.8604768835116
273, 3168.8604768835116
274, 3168.8604768835116
275, 3168.8604768835116
276, 3168.8604768835116
277, 3168.8604768835116
278, 3168.8604768835116
279, 3165.823213055609
280, 3165.823213055609
281, 3165.823213055609
282, 3165.823213055609
283, 3165.823213055609
284, 3159.2030456077605
285, 3159.2030456077605
286, 3159.2030456077605
287, 3159.2030456077605
288, 3159.2030456077605
289, 3159.2030456077605
290, 3159.2030456077605
291, 3159.2030456077605
292, 3159.2030456077605
293, 3151.217654953669
294, 3151.217654953669
295, 3151.217654953669
296, 3149.6859070594933
297, 3149.6859070594933
298, 3139.714076569526
299, 3139.714076569526
300, 3139.714076569526
301, 3139.714076569526
302, 3139.714076569526
303, 3139.714076569526
304, 3139.714076569526
305, 3131.4990395701543
306, 3124.880136563423
307, 3124.880136563423
308, 3124.880136563423
309, 3124.880136563423
310, 3124.880136563423
311, 3124.880136563423
312, 3124.880136563423
313, 3124.880136563423
314, 3124.880136563423
315, 3106.8953324433764
316, 3100.352060062404
317, 3100.352060062404
318, 3100.352060062404
319, 3094.7827945397735
320, 3094.7827945397735
321, 3091.5056415633876
322, 3091.5056415633876
323, 3091.5056415633876
324, 3091.5056415633876
325, 3091.5056415633876
326, 3091.5056415633876
327, 3091.5056415633876
328, 3091.5056415633876
329, 3090.939615260278
330, 3090.939615260278
331, 3090.939615260278
332, 3090.939615260278
333, 3090.939615260278
334, 3082.2570645736637
335, 3082.2570645736637
336, 3067.026827491552
337, 3067.026827491552
338, 3064.197859168669
339, 3064.197859168669
340, 3064.197859168669
341, 3057.507674118205
342, 3057.507674118205
343, 3057.507674118205
344, 3057.507674118205
345, 3057.507674118205
346, 3057.507674118205
347, 3057.507674118205
348, 3057.507674118205
349, 3057.507674118205
350, 3057.507674118205
351, 3057.507674118205
352, 3057.507674118205
353, 3057.507674118205
354, 3012.2893826262593
355, 3012.2893826262593
356, 3012.2893826262593
357, 3012.2893826262593
358, 3012.2893826262593
359, 3012.2893826262593
360, 3012.2893826262593
361, 3012.2893826262593
362, 3012.2893826262593
363, 3012.2893826262593
364, 3012.2893826262593
365, 3012.2893826262593
366, 3012.2893826262593
367, 3012.2893826262593
368, 3012.2893826262593
369, 2995.660074719386
370, 2995.660074719386
371, 2995.660074719386
372, 2995.660074719386
373, 2995.660074719386
374, 2995.660074719386
375, 2980.720659139977
376, 2968.5302394805994
377, 2968.5302394805994
378, 2968.5302394805994
379, 2968.5302394805994
380, 2968.5302394805994
381, 2968.5302394805994
382, 2968.5302394805994
383, 2968.5302394805994
384, 2968.5302394805994
385, 2968.5302394805994
386, 2968.5302394805994
387, 2968.5302394805994
388, 2967.951755070046
389, 2967.951755070046
390, 2963.494269726373
391, 2941.6387299292564
392, 2941.6387299292564
393, 2941.6387299292564
394, 2941.6387299292564
395, 2941.6387299292564
396, 2941.6387299292564
397, 2941.6387299292564
398, 2941.6387299292564
399, 2941.6387299292564
400, 2941.6387299292564
401, 2941.6387299292564
402, 2941.6387299292564
403, 2941.6387299292564
404, 2941.6387299292564
405, 2941.6387299292564
406, 2941.6387299292564
407, 2941.6387299292564
408, 2940.478111011008
409, 2940.478111011008
410, 2940.478111011008
411, 2940.478111011008
412, 2940.478111011008
413, 2940.478111011008
414, 2940.478111011008
415, 2940.478111011008
416, 2940.478111011008
417, 2940.478111011008
418, 2929.828009919929
419, 2929.828009919929
420, 2914.1239900419932
421, 2914.1239900419932
422, 2914.1239900419932
423, 2914.1239900419932
424, 2914.1239900419932
425, 2914.1239900419932
426, 2914.1239900419932
427, 2914.1239900419932
428, 2914.1239900419932
429, 2908.2274549745807
430, 2908.2274549745807
431, 2888.7106171939713
432, 2888.7106171939713
433, 2888.7106171939713
434, 2888.7106171939713
435, 2880.484142619912
436, 2880.484142619912
437, 2873.772541566055
438, 2873.772541566055
439, 2873.772541566055
440, 2873.772541566055
441, 2873.772541566055
442, 2873.772541566055
443, 2873.772541566055
444, 2873.772541566055
445, 2873.772541566055
446, 2870.3825283953597
447, 2870.3825283953597
448, 2870.3825283953597
449, 2870.3825283953597
450, 2870.3825283953597
451, 2870.3825283953597
452, 2870.3825283953597
453, 2870.3825283953597
454, 2870.3825283953597
455, 2870.3825283953597
456, 2870.3825283953597
457, 2870.3825283953597
458, 2870.3825283953597
459, 2870.3825283953597
460, 2870.3825283953597
461, 2870.3825283953597
462, 2870.3825283953597
463, 2870.3825283953597
464, 2858.6048921020483
465, 2858.6048921020483
466, 2858.6048921020483
467, 2858.6048921020483
468, 2858.6048921020483
469, 2858.6048921020483
470, 2858.6048921020483
471, 2830.98615853764
472, 2814.752124082781
473, 2814.752124082781
474, 2814.752124082781
475, 2806.897102420544
476, 2799.1069488360217
477, 2799.1069488360217
478, 2799.1069488360217
479, 2799.1069488360217
480, 2798.664705462664
481, 2798.664705462664
482, 2795.07672701296
483, 2795.07672701296
484, 2795.07672701296
485, 2745.820223311077
486, 2745.820223311077
487, 2745.820223311077
488, 2735.3928393511264
489, 2735.3928393511264
490, 2735.3928393511264
491, 2735.3928393511264
492, 2735.3928393511264
493, 2735.3928393511264
494, 2735.3928393511264
495, 2735.3928393511264
496, 2735.3928393511264
497, 2735.3928393511264
498, 2735.3928393511264
499, 2723.893830105862
500, 2723.893830105862
501, 2723.893830105862
502, 2723.893830105862
503, 2723.893830105862
504, 2718.1443319796313
505, 2718.1443319796313
506, 2692.2086329316244
507, 2692.2086329316244
508, 2692.2086329316244
509, 2692.2086329316244
510, 2692.2086329316244
511, 2692.2086329316244
512, 2692.2086329316244
513, 2692.2086329316244
514, 2690.489044965121
515, 2690.489044965121
516, 2690.489044965121
517, 2690.489044965121
518, 2690.489044965121
519, 2690.489044965121
520, 2690.489044965121
521, 2690.489044965121
522, 2690.489044965121
523, 2690.489044965121
524, 2690.489044965121
525, 2689.807694905348
526, 2689.807694905348
527, 2689.807694905348
528, 2689.807694905348
529, 2689.807694905348
530, 2689.807694905348
531, 2689.807694905348
532, 2689.807694905348
533, 2689.807694905348
534, 2689.807694905348
535, 2678.5751801564843
536, 2678.5751801564843
537, 2678.5751801564843
538, 2678.5751801564843
539, 2678.5751801564843
540, 2678.5751801564843
541, 2644.383639453152
542, 2644.383639453152
543, 2644.383639453152
544, 2644.383639453152
545, 2644.383639453152
546, 2644.383639453152
547, 2644.383639453152
548, 2644.383639453152
549, 2644.383639453152
550, 2644.383639453152
551, 2644.383639453152
552, 2644.383639453152
553, 2644.383639453152
554, 2639.981313038813
555, 2639.981313038813
556, 2639.981313038813
557, 2639.981313038813
558, 2639.981313038813
559, 2639.981313038813
560, 2639.981313038813
561, 2639.981313038813
562, 2639.981313038813
563, 2639.981313038813
564, 2639.981313038813
565, 2639.981313038813
566, 2629.5984190428558
567, 2629.5984190428558
568, 2629.5984190428558
569, 2612.5082175405328
570, 2612.5082175405328
571, 2612.5082175405328
572, 2612.5082175405328
573, 2612.5082175405328
574, 2612.5082175405328
575, 2612.5082175405328
576, 2612.5082175405328
577, 2612.5082175405328
578, 2612.5082175405328
579, 2612.5082175405328
580, 2612.5082175405328
581, 2612.5082175405328
582, 2612.5082175405328
583, 2612.5082175405328
584, 2612.5082175405328
585, 2612.5082175405328
586, 2612.5082175405328
587, 2612.5082175405328
588, 2612.5082175405328
589, 2612.5082175405328
590, 2576.31756102277
591, 2576.31756102277
592, 2576.31756102277
593, 2576.31756102277
594, 2576.31756102277
595, 2576.31756102277
596, 2576.31756102277
597, 2576.31756102277
598, 2576.31756102277
599, 2576.317561022769
600, 2576.317561022769
601, 2576.317561022769
602, 2576.317561022769
603, 2576.317561022769
604, 2576.317561022769
605, 2576.317561022769
606, 2576.317561022769
607, 2576.317561022769
608, 2576.317561022769
609, 2565.287924836369
610, 2551.3085807420925
611, 2551.3085807420925
612, 2548.81299498245
613, 2548.81299498245
614, 2548.81299498245
615, 2548.81299498245
616, 2548.81299498245
617, 2548.81299498245
618, 2548.81299498245
619, 2546.8494970428546
620, 2546.8494970428546
621, 2522.3761076979467
622, 2522.3761076979467
623, 2522.3761076979467
624, 2522.3761076979467
625, 2522.3761076979467
626, 2522.3761076979467
627, 2522.3761076979467
628, 2522.3761076979467
629, 2522.3761076979467
630, 2522.3761076979467
631, 2522.3761076979467
632, 2522.3761076979467
633, 2522.3761076979467
634, 2522.3761076979467
635, 2522.3761076979467
636, 2522.3761076979467
637, 2522.3761076979467
638, 2522.3761076979467
639, 2522.3761076979467
640, 2522.3761076979467
641, 2519.3550840077364
642, 2519.3550840077364
643, 2519.3550840077364
644, 2519.3550840077364
645, 2519.3550840077364
646, 2500.021287340717
647, 2500.021287340717
648, 2500.021287340717
649, 2500.021287340717
650, 2500.021287340717
651, 2500.021287340717
652, 2500.021287340717
653, 2482.770773088359
654, 2482.770773088359
655, 2482.770773088359
656, 2482.770773088359
657, 2482.770773088359
658, 2460.9722670941605
659, 2460.9722670941605
660, 2460.9722670941605
661, 2460.9722670941605
662, 2460.9722670941605
663, 2460.9722670941605
664, 2460.9722670941605
665, 2460.9722670941605
666, 2447.5974911233884
667, 2447.5974911233884
668, 2418.858576431554
669, 2418.858576431554
670, 2418.858576431554
671, 2418.858576431554
672, 2412.623556081848
673, 2412.623556081848
674, 2412.623556081848
675, 2412.623556081848
676, 2412.623556081848
677, 2412.623556081848
678, 2412.623556081848
679, 2412.623556081848
680, 2412.623556081848
681, 2412.623556081848
682, 2412.623556081848
683, 2412.623556081848
684, 2412.623556081848
685, 2412.623556081848
686, 2412.623556081848
687, 2412.623556081848
688, 2412.623556081848
689, 2412.623556081848
690, 2412.623556081848
691, 2412.623556081848
692, 2412.623556081848
693, 2412.623556081848
694, 2412.623556081848
695, 2412.623556081848
696, 2412.623556081848
697, 2412.623556081848
698, 2412.623556081848
699, 2412.623556081848
700, 2412.623556081848
701, 2412.623556081848
702, 2412.623556081848
703, 2386.850831901997
704, 2386.850831901997
705, 2386.850831901997
706, 2377.3725890699357
707, 2377.3725890699357
708, 2377.3725890699357
709, 2377.3725890699357
710, 2368.013689989906
711, 2348.9799539747164
712, 2348.9799539747164
713, 2348.9799539747164
714, 2339.225784804676
715, 2339.225784804676
716, 2339.225784804676
717, 2339.225784804676
718, 2339.225784804676
719, 2339.225784804676
720, 2339.225784804676
721, 2339.225784804676
722, 2339.225784804676
723, 2326.4373971276787
724, 2326.4373971276787
725, 2326.4373971276787
726, 2326.4373971276787
727, 2326.4373971276787
728, 2326.4373971276787
729, 2320.735677662279
730, 2320.735677662279
731, 2320.735677662279
732, 2320.735677662279
733, 2320.735677662279
734, 2320.735677662279
735, 2320.735677662279
736, 2320.735677662279
737, 2320.735677662279
738, 2320.735677662279
739, 2320.735677662279
740, 2320.735677662279
741, 2320.735677662279
742, 2320.735677662279
743, 2320.735677662279
744, 2320.735677662279
745, 2320.735677662279
746, 2320.735677662279
747, 2320.735677662279
748, 2320.073962003257
749, 2320.073962003257
750, 2320.073962003257
751, 2320.073962003257
752, 2320.073962003257
753, 2320.073962003257
754, 2320.073962003257
755, 2320.073962003257
756, 2320.073962003257
757, 2320.073962003257
758, 2320.073962003257
759, 2320.073962003257
760, 2306.666451749422
761, 2306.666451749422
762, 2306.666451749422
763, 2306.666451749422
764, 2306.666451749422
765, 2306.666451749422
766, 2306.666451749422
767, 2306.666451749422
768, 2306.666451749422
769, 2306.666451749422
770, 2306.666451749422
771, 2306.666451749422
772, 2306.5158202834414
773, 2306.5158202834414
774, 2306.5158202834414
775, 2306.5158202834414
776, 2306.5158202834414
777, 2306.5158202834414
778, 2306.5158202834414
779, 2306.5158202834414
780, 2306.5158202834414
781, 2306.5158202834414
782, 2306.5158202834414
783, 2306.5158202834414
784, 2306.5158202834414
785, 2306.5158202834414
786, 2306.5158202834414
787, 2306.5158202834414
788, 2306.5158202834414
789, 2306.5158202834414
790, 2306.5158202834414
791, 2306.5158202834414
792, 2306.5158202834414
793, 2306.5158202834414
794, 2306.5158202834414
795, 2305.2733454257036
796, 2305.2733454257036
797, 2305.2733454257036
798, 2305.2733454257036
799, 2305.2733454257036
800, 2305.2733454257036
801, 2305.2733454257036
802, 2305.2733454257036
803, 2305.2733454257036
804, 2305.2733454257036
805, 2305.2733454257036
806, 2305.2733454257036
807, 2305.2733454257036
808, 2305.2733454257036
809, 2305.2733454257036
810, 2305.2733454257036
811, 2305.2733454257036
812, 2305.2733454257036
813, 2305.2733454257036
814, 2305.2733454257036
815, 2305.2733454257036
816, 2305.2733454257036
817, 2305.2733454257036
818, 2305.2733454257036
819, 2305.2733454257036
820, 2305.2733454257036
821, 2301.9947909214525
822, 2301.9947909214525
823, 2301.9947909214525
824, 2301.9947909214525
825, 2301.9947909214525
826, 2301.9947909214525
827, 2301.9947909214525
828, 2301.9947909214525
829, 2301.9947909214525
830, 2290.031595098455
831, 2290.031595098455
832, 2290.031595098455
833, 2290.031595098455
834, 2290.031595098455
835, 2290.031595098455
836, 2290.031595098455
837, 2290.031595098455
838, 2290.031595098455
839, 2290.031595098455
840, 2276.5539517128977
841, 2276.5539517128977
842, 2276.5539517128977
843, 2276.5539517128977
844, 2276.5539517128977
845, 2276.5539517128977
846, 2276.5539517128977
847, 2270.1960491163036
848, 2270.1960491163036
849, 2270.1960491163036
850, 2270.1960491163036
851, 2270.1960491163036
852, 2270.1960491163036
853, 2270.1960491163036
854, 2270.1960491163036
855, 2270.1960491163036
856, 2270.1960491163036
857, 2270.1960491163036
858, 2270.1960491163036
859, 2270.1960491163036
860, 2263.026724669409
861, 2226.7204058792768
862, 2226.7204058792768
863, 2226.7204058792768
864, 2226.7204058792768
865, 2226.7204058792768
866, 2226.7204058792768
867, 2226.7204058792768
868, 2226.7204058792768
869, 2226.7204058792768
870, 2226.7204058792768
871, 2226.7204058792768
872, 2226.7204058792768
873, 2226.7204058792768
874, 2226.7204058792768
875, 2226.7204058792768
876, 2226.7204058792768
877, 2226.7204058792768
878, 2226.7204058792768
879, 2226.7204058792768
880, 2226.7204058792768
881, 2226.7204058792768
882, 2226.7204058792768
883, 2226.7204058792768
884, 2226.7204058792768
885, 2226.7204058792768
886, 2226.7204058792768
887, 2226.7204058792768
888, 2226.7204058792768
889, 2226.7204058792768
890, 2226.7204058792768
891, 2226.7204058792768
892, 2226.7204058792768
893, 2226.7204058792768
894, 2203.2405456816073
895, 2203.2405456816073
896, 2203.2405456816073
897, 2203.2405456816073
898, 2203.2405456816073
899, 2203.2405456816073
900, 2203.2405456816073
901, 2203.2405456816073
902, 2193.3521314347904
903, 2184.061766135748
904, 2144.359330727187
905, 2144.359330727187
906, 2144.359330727187
907, 2144.359330727187
908, 2144.359330727187
909, 2144.359330727187
910, 2144.359330727187
911, 2144.359330727187
912, 2144.359330727187
913, 2144.359330727187
914, 2144.359330727187
915, 2142.9764462214007
916, 2142.9764462214007
917, 2142.9764462214007
918, 2142.9764462214007
919, 2142.9764462214007
920, 2142.9764462214007
921, 2134.4151533991503
922, 2117.8344396699317
923, 2117.8344396699317
924, 2117.8344396699317
925, 2117.8344396699317
926, 2117.8344396699317
927, 2117.8344396699317
928, 2117.8344396699317
929, 2117.8344396699317
930, 2117.8344396699317
931, 2117.8344396699317
932, 2117.8344396699317
933, 2117.8344396699317
934, 2117.8344396699317
935, 2117.8344396699317
936, 2117.8344396699317
937, 2117.8344396699317
938, 2117.8344396699317
939, 2117.8344396699317
940, 2117.5427957751117
941, 2117.5427957751117
942, 2117.5427957751117
943, 2117.5427957751117
944, 2117.5427957751117
945, 2117.5427957751117
946, 2117.5427957751117
947, 2101.2027720645756
948, 2101.2027720645756
949, 2091.2491441735756
950, 2091.2491441735756
951, 2091.2491441735756
952, 2091.2491441735756
953, 2066.05863844951
954, 2066.05863844951
955, 2066.05863844951
956, 2066.05863844951
957, 2066.05863844951
958, 2066.05863844951
959, 2066.05863844951
960, 2066.05863844951
961, 2036.038622638335
962, 2036.038622638335
963, 2036.038622638335
964, 2036.038622638335
965, 2036.038622638335
966, 2036.038622638335
967, 2036.038622638335
968, 2036.038622638335
969, 2033.5270504256184
970, 2033.5270504256184
971, 2033.5270504256184
972, 2033.5270504256184
973, 2033.5270504256184
974, 2033.5270504256184
975, 2033.5270504256184
976, 2033.5270504256184
977, 2033.2307767419818
978, 2033.2307767419818
979, 2033.2307767419818
980, 2033.2307767419818
981, 2033.2307767419818
982, 2033.2307767419818
983, 2033.2307767419818
984, 2033.2307767419818
985, 2012.7787483544987
986, 2012.7787483544987
987, 2012.7787483544987
988, 2012.7787483544987
989, 2012.7787483544987
990, 2012.7787483544987
991, 2012.7787483544987
992, 2012.7787483544987
993, 2012.7787483544987
994, 2012.7787483544987
995, 2012.7787483544987
996, 2012.7787483544987
997, 2012.7787483544987
998, 2012.7787483544987
999, 2012.7787483544987
1000, 2004.1277078645728
1001, 2004.1277078645728
1002, 2004.1277078645728
1003, 2004.1277078645728
1004, 2004.1277078645728
1005, 2004.1277078645728
1006, 2004.1277078645728
1007, 2004.1277078645728
1008, 2004.1277078645728
1009, 2004.1277078645728
1010, 2004.1277078645728
1011, 2004.1277078645728
1012, 2004.1277078645728
1013, 2004.1277078645728
1014, 2004.1277078645728
1015, 2004.1277078645728
1016, 2004.1277078645728
1017, 2004.1277078645728
1018, 2004.1277078645728
1019, 2004.1277078645728
1020, 2004.1277078645728
1021, 2004.1277078645728
1022, 2004.1277078645728
1023, 1953.1250140394104
1024, 1953.1250140394104
1025, 1953.1250140394104
1026, 1953.1250140394104
1027, 1953.1250140394104
1028, 1953.1250140394104
1029, 1953.06089957201
1030, 1953.06089957201
1031, 1953.06089957201
1032, 1953.06089957201
1033, 1953.06089957201
1034, 1953.06089957201
1035, 1953.06089957201
1036, 1953.06089957201
1037, 1953.06089957201
1038, 1953.06089957201
1039, 1953.06089957201
1040, 1953.06089957201
1041, 1953.06089957201
1042, 1953.06089957201
1043, 1953.06089957201
1044, 1953.06089957201
1045, 1947.4871289389002
1046, 1947.4871289389002
1047, 1947.4871289389002
1048, 1947.4871289389002
1049, 1947.4871289389002
1050, 1947.4871289389002
1051, 1947.4871289389002
1052, 1947.4871289389002
1053, 1947.4871289389002
1054, 1947.4871289389002
1055, 1947.4871289389002
1056, 1947.4871289389002
1057, 1947.4871289389002
1058, 1947.4871289389002
1059, 1912.626274381989
1060, 1912.626274381989
1061, 1912.626274381989
1062, 1912.626274381989
1063, 1912.626274381989
1064, 1912.626274381989
1065, 1912.626274381989
1066, 1912.626274381989
1067, 1912.626274381989
1068, 1912.626274381989
1069, 1912.626274381989
1070, 1912.626274381989
1071, 1912.626274381989
1072, 1912.626274381989
1073, 1912.626274381989
1074, 1912.626274381989
1075, 1912.626274381989
1076, 1912.626274381989
1077, 1912.626274381989
1078, 1912.626274381989
1079, 1912.626274381989
1080, 1912.626274381989
1081, 1910.9569239994607
1082, 1906.5837111318976
1083, 1906.5837111318976
1084, 1906.5837111318976
1085, 1906.5837111318976
1086, 1906.5837111318976
1087, 1906.5837111318976
1088, 1906.5837111318976
1089, 1901.6882815907654
1090, 1901.6882815907654
1091, 1901.6882815907654
1092, 1901.6882815907654
1093, 1901.6882815907654
1094, 1901.6882815907654
1095, 1901.6882815907654
1096, 1901.6882815907654
1097, 1901.6882815907654
1098, 1901.6882815907654
1099, 1901.6882815907654
1100, 1901.6882815907654
1101, 1901.6882815907654
1102, 1901.6882815907654
1103, 1901.6882815907654
1104, 1901.6882815907654
1105, 1901.6882815907654
1106, 1901.6882815907654
1107, 1901.6882815907654
1108, 1901.6882815907654
1109, 1901.6882815907654
1110, 1901.6882815907654
1111, 1901.6882815907654
1112, 1901.6882815907654
1113, 1901.6882815907654
1114, 1901.6882815907654
1115, 1901.6882815907654
1116, 1901.6882815907654
1117, 1901.6882815907654
1118, 1901.6882815907654
1119, 1880.5175805082583
1120, 1880.5175805082583
1121, 1880.5175805082583
1122, 1880.5175805082583
1123, 1880.5175805082583
1124, 1880.5175805082583
1125, 1880.5175805082583
1126, 1880.5175805082583
1127, 1880.5175805082583
1128, 1880.5175805082583
1129, 1880.5175805082583
1130, 1880.5175805082583
1131, 1880.5175805082583
1132, 1880.5175805082583
1133, 1880.5175805082583
1134, 1880.5175805082583
1135, 1880.5175805082583
1136, 1880.5175805082583
1137, 1880.5175805082583
1138, 1880.5175805082583
1139, 1880.5175805082583
1140, 1880.5175805082583
1141, 1880.5175805082583
1142, 1880.5175805082583
1143, 1880.5175805082583
1144, 1880.5175805082583
1145, 1880.5175805082583
1146, 1880.5175805082583
1147, 1880.5175805082583
1148, 1880.5175805082583
1149, 1880.5175805082583
1150, 1880.5175805082583
1151, 1880.5175805082583
1152, 1880.5175805082583
1153, 1880.5175805082583
1154, 1880.5175805082583
1155, 1880.5175805082583
1156, 1880.5175805082583
1157, 1880.5175805082583
1158, 1880.5175805082583
1159, 1880.5175805082583
1160, 1880.5175805082583
1161, 1845.8695467233904
1162, 1845.8695467233904
1163, 1845.8695467233904
1164, 1845.8695467233904
1165, 1845.8695467233904
1166, 1845.8695467233904
1167, 1845.8695467233904
1168, 1845.8695467233904
1169, 1845.8695467233904
1170, 1845.8695467233904
1171, 1845.8695467233904
1172, 1845.8695467233904
1173, 1845.8695467233904
1174, 1845.8695467233904
1175, 1845.8695467233904
1176, 1845.8695467233904
1177, 1845.8695467233904
1178, 1845.8695467233904
1179, 1845.8695467233904
1180, 1845.8695467233904
1181, 1845.8695467233904
1182, 1845.8695467233904
1183, 1845.8695467233904
1184, 1845.8695467233904
1185, 1845.8695467233904
1186, 1845.8695467233904
1187, 1845.8695467233904
1188, 1845.8695467233904
1189, 1845.8695467233904
1190, 1845.8695467233904
1191, 1845.8695467233904
1192, 1845.8695467233904
1193, 1845.8695467233904
1194, 1845.8695467233904
1195, 1845.8695467233904
1196, 1845.8695467233904
1197, 1845.8695467233904
1198, 1845.8695467233904
1199, 1845.8695467233904
1200, 1845.8695467233904
1201, 1845.8695467233904
1202, 1845.8695467233904
1203, 1845.8695467233904
1204, 1845.8695467233904
1205, 1845.8695467233904
1206, 1845.8695467233904
1207, 1845.8695467233904
1208, 1845.8695467233904
1209, 1845.8695467233904
1210, 1845.8695467233904
1211, 1845.8695467233904
1212, 1845.8695467233904
1213, 1845.8695467233904
1214, 1845.8695467233904
1215, 1845.8695467233904
1216, 1845.8695467233904
1217, 1845.8695467233904
1218, 1845.8695467233904
1219, 1845.8695467233904
1220, 1845.8695467233904
1221, 1845.8695467233904
1222, 1845.8695467233904
1223, 1845.8695467233904
1224, 1845.8695467233904
1225, 1845.8695467233904
1226, 1835.2426201117294
1227, 1835.2426201117294
1228, 1835.2426201117294
1229, 1834.027502921768
1230, 1834.027502921768
1231, 1834.027502921768
1232, 1834.027502921768
1233, 1834.027502921768
1234, 1834.027502921768
1235, 1834.027502921768
1236, 1834.027502921768
1237, 1834.027502921768
1238, 1811.339632558893
1239, 1811.339632558893
1240, 1811.339632558893
1241, 1802.2463114688364
1242, 1802.2463114688364
1243, 1802.2463114688364
1244, 1802.2463114688364
1245, 1802.2463114688364
1246, 1802.2463114688364
1247, 1802.2463114688364
1248, 1802.2463114688364
1249, 1802.2463114688364
1250, 1802.2463114688364
1251, 1802.2463114688364
1252, 1802.2463114688364
1253, 1801.8232346342688
1254, 1801.8232346342688
1255, 1801.8232346342688
1256, 1801.8232346342688
1257, 1801.8232346342688
1258, 1801.8232346342688
1259, 1801.8232346342688
1260, 1801.8232346342688
1261, 1801.8232346342688
1262, 1801.8232346342688
1263, 1801.8232346342688
1264, 1801.8232346342688
1265, 1801.8232346342688
1266, 1801.8232346342688
1267, 1801.8232346342688
1268, 1801.8232346342688
1269, 1801.8232346342688
1270, 1801.8232346342688
1271, 1801.8232346342688
1272, 1801.8232346342688
1273, 1801.8232346342688
1274, 1797.9162875119887
1275, 1797.9162875119887
1276, 1797.9162875119887
1277, 1797.9162875119887
1278, 1797.9162875119887
1279, 1797.9162875119887
1280, 1797.9162875119887
1281, 1793.1118708204513
1282, 1793.1118708204513
1283, 1793.1118708204513
1284, 1793.1118708204513
1285, 1793.1118708204513
1286, 1793.1118708204513
1287, 1793.1118708204513
1288, 1793.1118708204513
1289, 1793.1118708204513
1290, 1793.1118708204513
1291, 1793.1118708204513
1292, 1793.1118708204513
1293, 1793.1118708204513
1294, 1793.1118708204513
1295, 1793.1118708204513
1296, 1793.1118708204513
1297, 1793.1118708204513
1298, 1793.1118708204513
1299, 1793.1118708204513
1300, 1793.1118708204513
1301, 1793.1118708204513
1302, 1793.1118708204513
1303, 1789.8030376061251
1304, 1789.8030376061251
1305, 1789.8030376061251
1306, 1789.8030376061251
1307, 1789.8030376061251
1308, 1789.8030376061251
1309, 1789.8030376061251
1310, 1789.8030376061251
1311, 1789.8030376061251
1312, 1789.8030376061251
1313, 1789.8030376061251
1314, 1789.8030376061251
1315, 1789.8030376061251
1316, 1789.8030376061251
1317, 1789.8030376061251
1318, 1789.8030376061251
1319, 1789.8030376061251
1320, 1789.8030376061251
1321, 1789.8030376061251
1322, 1789.8030376061251
1323, 1789.8030376061251
1324, 1789.8030376061251
1325, 1789.8030376061251
1326, 1789.8030376061251
1327, 1789.8030376061251
1328, 1789.8030376061251
1329, 1789.8030376061251
1330, 1769.6164332635171
1331, 1769.6164332635171
1332, 1769.6164332635171
1333, 1769.6164332635171
1334, 1769.6164332635171
1335, 1769.6164332635171
1336, 1769.6164332635171
1337, 1769.6164332635171
1338, 1769.6164332635171
1339, 1769.6164332635171
1340, 1769.6164332635171
1341, 1769.6164332635171
1342, 1769.6164332635171
1343, 1769.6164332635171
1344, 1769.6164332635171
1345, 1769.6164332635171
1346, 1769.6164332635171
1347, 1769.6164332635171
1348, 1769.6164332635171
1349, 1769.6164332635171
1350, 1769.6164332635171
1351, 1769.611460504605
1352, 1769.611460504605
1353, 1769.611460504605
1354, 1769.611460504605
1355, 1769.611460504605
1356, 1769.611460504605
1357, 1769.611460504605
1358, 1769.611460504605
1359, 1769.611460504605
1360, 1769.611460504605
1361, 1769.611460504605
1362, 1769.611460504605
1363, 1769.611460504605
1364, 1769.611460504605
1365, 1769.611460504605
1366, 1769.611460504605
1367, 1769.611460504605
1368, 1769.611460504605
1369, 1769.611460504605
1370, 1769.611460504605
1371, 1769.611460504605
1372, 1769.611460504605
1373, 1769.611460504605
1374, 1769.611460504605
1375, 1769.611460504605
1376, 1769.611460504605
1377, 1769.611460504605
1378, 1769.611460504605
1379, 1769.611460504605
1380, 1769.611460504605
1381, 1769.611460504605
1382, 1769.611460504605
1383, 1767.660326419498
1384, 1767.660326419498
1385, 1767.660326419498
1386, 1767.660326419498
1387, 1767.660326419498
1388, 1755.192508346998
1389, 1755.192508346998
1390, 1755.192508346998
1391, 1755.192508346998
1392, 1755.192508346998
1393, 1755.192508346998
1394, 1755.192508346998
1395, 1755.192508346998
1396, 1751.5557213252962
1397, 1751.5557213252962
1398, 1751.5557213252962
1399, 1751.5557213252962
1400, 1751.5557213252962
1401, 1751.5557213252962
1402, 1751.5557213252962
1403, 1751.5557213252962
1404, 1751.5557213252962
1405, 1751.5557213252962
1406, 1751.5557213252962
1407, 1751.5557213252962
1408, 1751.5557213252962
1409, 1751.5557213252962
1410, 1751.5557213252962
1411, 1751.5557213252962
1412, 1751.5557213252962
1413, 1751.5557213252962
1414, 1751.5557213252962
1415, 1751.5557213252962
1416, 1751.5557213252962
1417, 1751.5557213252962
1418, 1751.5557213252962
1419, 1751.5557213252962
1420, 1751.5557213252962
1421, 1751.5557213252962
1422, 1751.5557213252962
1423, 1751.5557213252962
1424, 1751.5557213252962
1425, 1751.5557213252962
1426, 1751.5557213252962
1427, 1751.5557213252962
1428, 1751.5557213252962
1429, 1751.5557213252962
1430, 1751.5557213252962
1431, 1751.5557213252962
1432, 1751.5557213252962
1433, 1751.5557213252962
1434, 1751.5557213252962
1435, 1751.5557213252962
1436, 1751.5557213252962
1437, 1751.5557213252962
1438, 1751.5557213252962
1439, 1751.5557213252962
1440, 1751.5557213252962
1441, 1751.5557213252962
1442, 1751.5557213252962
1443, 1751.5557213252962
1444, 1751.5557213252962
1445, 1727.0006660167069
1446, 1727.0006660167069
1447, 1727.0006660167069
1448, 1727.0006660167069
1449, 1727.0006660167069
1450, 1727.0006660167069
1451, 1727.0006660167069
1452, 1727.0006660167069
1453, 1727.0006660167069
1454, 1722.3895966964908
1455, 1722.3895966964908
1456, 1722.3895966964908
1457, 1722.3895966964908
1458, 1722.3895966964908
1459, 1722.3895966964908
1460, 1722.3895966964908
1461, 1722.3895966964908
1462, 1722.3895966964908
1463, 1722.3895966964908
1464, 1722.3895966964908
1465, 1722.3895966964908
1466, 1722.3895966964908
1467, 1722.3895966964908
1468, 1722.3895966964908
1469, 1722.3895966964908
1470, 1722.3895966964908
1471, 1722.3895966964908
1472, 1722.3895966964908
1473, 1722.3895966964908
1474, 1722.3895966964908
1475, 1722.3895966964901
1476, 1722.3895966964901
1477, 1722.3895966964901
1478, 1722.3895966964901
1479, 1722.3895966964901
1480, 1722.3895966964901
1481, 1692.8023781752615
1482, 1692.8023781752615
1483, 1692.8023781752615
1484, 1692.8023781752615
1485, 1692.8023781752615
1486, 1692.8023781752615
1487, 1692.8023781752615
1488, 1692.8023781752615
1489, 1692.8023781752615
1490, 1692.8023781752615
1491, 1692.8023781752615
1492, 1692.8023781752615
1493, 1692.8023781752615
1494, 1692.8023781752615
1495, 1692.8023781752615
1496, 1692.8023781752615
1497, 1692.8023781752615
1498, 1692.8023781752615
1499, 1692.8023781752615
1500, 1692.8023781752615
1501, 1692.8023781752615
1502, 1692.8023781752615
1503, 1692.8023781752615
1504, 1692.8023781752615
1505, 1692.8023781752615
1506, 1692.8023781752615
1507, 1691.6456441576083
1508, 1691.6456441576083
1509, 1691.6456441576083
1510, 1691.6456441576083
1511, 1691.6456441576083
1512, 1691.6456441576083
1513, 1691.6456441576083
1514, 1691.6456441576083
1515, 1691.6456441576083
1516, 1691.6456441576083
1517, 1691.6456441576083
1518, 1691.6456441576083
1519, 1691.6456441576083
1520, 1691.6456441576083
1521, 1691.6456441576083
1522, 1691.6456441576083
1523, 1691.6456441576083
1524, 1680.596428743755
1525, 1680.596428743755
1526, 1680.596428743755
1527, 1672.3799659282972
1528, 1672.3799659282972
1529, 1672.3799659282972
1530, 1672.3799659282972
1531, 1672.3799659282972
1532, 1672.3799659282972
1533, 1672.3799659282972
1534, 1672.3799659282972
1535, 1672.3799659282972
1536, 1672.3799659282972
1537, 1672.3799659282972
1538, 1672.3799659282972
1539, 1672.3799659282972
1540, 1672.3799659282972
1541, 1672.3799659282972
1542, 1672.3799659282972
1543, 1672.3799659282972
1544, 1656.391005492432
1545, 1656.391005492432
1546, 1656.391005492432
1547, 1656.391005492432
1548, 1656.391005492432
1549, 1656.391005492432
1550, 1656.391005492432
1551, 1656.391005492432
1552, 1656.391005492432
1553, 1656.391005492432
1554, 1656.391005492432
1555, 1656.391005492432
1556, 1656.391005492432
1557, 1656.391005492432
1558, 1656.391005492432
1559, 1656.391005492432
1560, 1656.391005492432
1561, 1656.391005492432
1562, 1656.391005492432
1563, 1656.391005492432
1564, 1656.391005492432
1565, 1656.391005492432
1566, 1656.391005492432
1567, 1656.391005492432
1568, 1656.391005492432
1569, 1656.391005492432
1570, 1656.391005492432
1571, 1656.391005492432
1572, 1656.391005492432
1573, 1656.391005492432
1574, 1656.391005492432
1575, 1656.391005492432
1576, 1656.391005492432
1577, 1656.391005492432
1578, 1656.391005492432
1579, 1656.391005492432
1580, 1656.391005492432
1581, 1656.391005492432
1582, 1656.391005492432
1583, 1656.391005492432
1584, 1656.391005492432
1585, 1656.391005492432
1586, 1656.391005492432
1587, 1656.391005492432
1588, 1656.391005492432
1589, 1656.391005492432
1590, 1656.391005492432
1591, 1656.391005492432
1592, 1656.391005492432
1593, 1656.391005492432
1594, 1656.391005492432
1595, 1656.391005492432
1596, 1656.391005492432
1597, 1656.391005492432
1598, 1656.391005492432
1599, 1656.391005492432
1600, 1656.391005492432
1601, 1656.391005492432
1602, 1656.391005492432
1603, 1656.391005492432
1604, 1656.391005492432
1605, 1656.391005492432
1606, 1656.391005492432
1607, 1656.391005492432
1608, 1656.391005492432
1609, 1656.391005492432
1610, 1656.391005492432
1611, 1656.391005492432
1612, 1656.391005492432
1613, 1656.391005492432
1614, 1656.391005492432
1615, 1656.391005492432
1616, 1656.391005492432
1617, 1656.391005492432
1618, 1656.391005492432
1619, 1656.391005492432
1620, 1656.391005492432
1621, 1656.391005492432
1622, 1656.391005492432
1623, 1656.391005492432
1624, 1656.391005492432
1625, 1626.9421203306044
1626, 1626.9421203306044
1627, 1626.9421203306044
1628, 1626.9421203306044
1629, 1626.9421203306044
1630, 1626.9421203306044
1631, 1626.9421203306044
1632, 1626.9421203306044
1633, 1626.9421203306044
1634, 1626.9421203306044
1635, 1626.9421203306044
1636, 1626.9421203306044
1637, 1626.9421203306044
1638, 1626.9421203306044
1639, 1626.9421203306044
1640, 1626.9421203306044
1641, 1626.9421203306044
1642, 1626.9421203306044
1643, 1626.9421203306044
1644, 1626.9421203306044
1645, 1626.9421203306044
1646, 1626.9421203306044
1647, 1626.9421203306044
1648, 1626.9421203306044
1649, 1626.9421203306044
1650, 1626.9421203306044
1651, 1626.9421203306044
1652, 1626.9421203306044
1653, 1626.9421203306044
1654, 1626.9421203306044
1655, 1623.6465425917859
1656, 1623.6465425917859
1657, 1623.6465425917859
1658, 1620.7665868943673
1659, 1620.7665868943673
1660, 1620.7665868943673
1661, 1620.7665868943673
1662, 1620.7665868943673
1663, 1620.7665868943673
1664, 1620.7665868943673
1665, 1620.7665868943673
1666, 1620.7665868943673
1667, 1620.7665868943673
1668, 1620.7665868943673
1669, 1620.7665868943673
1670, 1620.7665868943673
1671, 1620.7665868943673
1672, 1620.7665868943673
1673, 1620.7665868943673
1674, 1620.7665868943673
1675, 1620.7665868943673
1676, 1620.7665868943673
1677, 1620.7665868943673
1678, 1620.7665868943673
1679, 1620.7665868943673
1680, 1620.7665868943673
1681, 1620.7665868943673
1682, 1620.7665868943673
1683, 1620.7665868943673
1684, 1620.7665868943673
1685, 1620.7665868943673
1686, 1620.7665868943673
1687, 1620.7665868943673
1688, 1620.7665868943673
1689, 1620.7665868943673
1690, 1620.7665868943673
1691, 1620.7665868943673
1692, 1620.7665868943673
1693, 1620.7665868943673
1694, 1620.7665868943673
1695, 1620.7665868943673
1696, 1620.7665868943673
1697, 1620.7665868943673
1698, 1620.7665868943673
1699, 1620.7665868943673
1700, 1620.7665868943673
1701, 1620.7665868943673
1702, 1620.7665868943673
1703, 1620.7665868943673
1704, 1620.7665868943673
1705, 1620.7665868943673
1706, 1620.7665868943673
1707, 1620.7665868943673
1708, 1620.7665868943673
1709, 1620.7665868943673
1710, 1620.7665868943673
1711, 1620.7665868943673
1712, 1620.7665868943673
1713, 1620.7665868943673
1714, 1620.7665868943673
1715, 1620.7665868943673
1716, 1620.7665868943673
1717, 1618.274332166834
1718, 1618.274332166834
1719, 1618.274332166834
1720, 1618.274332166834
1721, 1618.274332166834
1722, 1618.274332166834
1723, 1618.274332166834
1724, 1618.274332166834
1725, 1618.274332166834
1726, 1618.274332166834
1727, 1618.274332166834
1728, 1618.274332166834
1729, 1618.274332166834
1730, 1618.274332166834
1731, 1618.274332166834
1732, 1618.274332166834
1733, 1595.3311986798064
1734, 1595.3311986798064
1735, 1595.3311986798064
1736, 1595.3311986798064
1737, 1595.3311986798064
1738, 1595.3311986798064
1739, 1581.7719817365992
1740, 1581.7719817365992
1741, 1581.7719817365992
1742, 1581.7719817365992
1743, 1581.7719817365992
1744, 1581.7719817365992
1745, 1581.7719817365992
1746, 1581.7719817365992
1747, 1581.7719817365992
1748, 1581.7719817365992
1749, 1581.7719817365992
1750, 1581.7719817365992
1751, 1581.7719817365992
1752, 1581.7719817365992
1753, 1581.7719817365992
1754, 1581.7719817365992
1755, 1581.7719817365992
1756, 1581.7719817365992
1757, 1581.7719817365992
1758, 1581.7719817365992
1759, 1581.7719817365992
1760, 1581.7719817365992
1761, 1581.7719817365992
1762, 1581.7719817365992
1763, 1581.7719817365992
1764, 1581.7719817365992
1765, 1581.7719817365992
1766, 1581.7719817365992
1767, 1581.7719817365992
1768, 1581.7719817365992
1769, 1581.7719817365992
1770, 1581.7719817365992
1771, 1581.7719817365992
1772, 1581.7719817365992
1773, 1581.7719817365992
1774, 1581.7719817365992
1775, 1581.7719817365992
1776, 1581.7719817365992
1777, 1581.7719817365992
1778, 1581.7719817365992
1779, 1581.7719817365992
1780, 1581.7719817365992
1781, 1581.7719817365992
1782, 1581.7719817365992
1783, 1581.7719817365992
1784, 1581.7719817365992
1785, 1581.7719817365992
1786, 1581.7719817365992
1787, 1581.7719817365992
1788, 1581.7719817365992
1789, 1581.7719817365992
1790, 1581.7719817365992
1791, 1581.7719817365992
1792, 1581.7719817365992
1793, 1581.7719817365992
1794, 1581.7719817365992
1795, 1581.7719817365992
1796, 1581.7719817365992
1797, 1581.7719817365992
1798, 1581.7719817365992
1799, 1581.7719817365992
1800, 1581.7719817365992
1801, 1581.7719817365992
1802, 1581.7719817365992
1803, 1581.7719817365992
1804, 1581.7719817365992
1805, 1581.7719817365992
1806, 1581.7719817365992
1807, 1581.7719817365992
1808, 1581.7719817365992
1809, 1581.7719817365992
1810, 1581.7719817365992
1811, 1581.7719817365992
1812, 1581.7719817365992
1813, 1581.7719817365992
1814, 1581.7719817365992
1815, 1581.7719817365992
1816, 1581.7719817365992
1817, 1581.7719817365992
1818, 1581.7719817365992
1819, 1581.7719817365992
1820, 1581.7719817365992
1821, 1581.7719817365992
1822, 1581.7719817365992
1823, 1581.7719817365992
1824, 1581.7719817365992
1825, 1581.7719817365992
1826, 1581.7719817365992
1827, 1581.7719817365992
1828, 1581.7719817365992
1829, 1581.7719817365992
1830, 1581.7719817365992
1831, 1581.7719817365992
1832, 1581.7719817365992
1833, 1581.7719817365992
1834, 1581.7719817365992
1835, 1566.7471838085542
1836, 1566.7471838085542
1837, 1566.7471838085542
1838, 1566.7471838085542
1839, 1566.7471838085542
1840, 1566.7471838085542
1841, 1566.7471838085542
1842, 1566.7471838085542
1843, 1566.7471838085542
1844, 1566.7471838085542
1845, 1550.1964413648054
1846, 1550.1964413648054
1847, 1550.1964413648054
1848, 1550.1964413648054
1849, 1550.1964413648054
1850, 1550.1964413648054
1851, 1550.1964413648054
1852, 1550.1964413648054
1853, 1550.1964413648054
1854, 1550.1964413648054
1855, 1550.1964413648054
1856, 1550.1964413648054
1857, 1550.1964413648054
1858, 1550.1964413648054
1859, 1550.1964413648054
1860, 1550.1964413648054
1861, 1550.1964413648054
1862, 1550.1964413648054
1863, 1549.8176079347236
1864, 1549.8176079347236
1865, 1549.8176079347236
1866, 1549.8176079347236
1867, 1549.0163388796855
1868, 1549.0163388796855
1869, 1549.0163388796855
1870, 1549.0163388796855
1871, 1549.0163388796855
1872, 1549.0163388796855
1873, 1549.0163388796855
1874, 1549.0163388796855
1875, 1549.0163388796855
1876, 1549.0163388796855
1877, 1549.0163388796855
1878, 1549.0163388796855
1879, 1549.0163388796855
1880, 1549.0163388796855
1881, 1549.0163388796855
1882, 1549.0163388796855
1883, 1549.0163388796855
1884, 1549.0163388796855
1885, 1549.0163388796855
1886, 1549.0163388796855
1887, 1549.0163388796855
1888, 1549.0163388796855
1889, 1549.0163388796855
1890, 1549.0163388796855
1891, 1549.0163388796855
1892, 1549.0163388796855
1893, 1549.0163388796855
1894, 1549.0163388796855
1895, 1549.0163388796855
1896, 1549.0163388796855
1897, 1549.0163388796855
1898, 1549.0163388796855
1899, 1549.0163388796855
1900, 1549.0163388796855
1901, 1549.0163388796855
1902, 1549.0163388796855
1903, 1549.0163388796855
1904, 1539.1959472053134
1905, 1539.1959472053134
1906, 1539.1959472053134
1907, 1539.1959472053134
1908, 1539.1959472053134
1909, 1539.1959472053134
1910, 1539.1959472053134
1911, 1539.1959472053134
1912, 1539.1959472053134
1913, 1539.1959472053134
1914, 1539.1959472053134
1915, 1539.1959472053134
1916, 1539.1959472053134
1917, 1539.1959472053134
1918, 1539.1959472053134
1919, 1539.1959472053134
1920, 1539.1959472053134
1921, 1539.1959472053134
1922, 1539.1959472053134
1923, 1539.1959472053134
1924, 1539.1959472053134
1925, 1539.1959472053134
1926, 1539.1959472053134
1927, 1539.1959472053134
1928, 1539.1959472053134
1929, 1539.1959472053134
1930, 1539.1959472053134
1931, 1539.1959472053134
1932, 1539.1959472053134
1933, 1539.1959472053134
1934, 1539.1959472053134
1935, 1539.1959472053134
1936, 1539.1959472053134
1937, 1539.1959472053134
1938, 1539.1959472053134
1939, 1539.1959472053134
1940, 1539.1959472053134
1941, 1539.1959472053134
1942, 1539.1959472053134
1943, 1539.1959472053134
1944, 1539.1959472053134
1945, 1539.1959472053134
1946, 1539.1959472053134
1947, 1539.1959472053134
1948, 1539.1959472053134
1949, 1538.0518775233165
1950, 1538.0518775233165
1951, 1538.0518775233165
1952, 1538.0518775233165
1953, 1538.0518775233165
1954, 1538.0518775233165
1955, 1538.0518775233165
1956, 1538.0518775233165
1957, 1538.0518775233165
1958, 1538.0518775233165
1959, 1538.0518775233165
1960, 1538.0518775233165
1961, 1538.0518775233165
1962, 1538.0518775233165
1963, 1538.0518775233165
1964, 1538.0518775233165
1965, 1538.0518775233165
1966, 1538.0518775233165
1967, 1538.0518775233165
1968, 1538.0518775233165
1969, 1538.0518775233165
1970, 1538.0518775233165
1971, 1538.0518775233165
1972, 1538.0518775233165
1973, 1538.0518775233165
1974, 1538.0518775233165
1975, 1538.0518775233165
1976, 1538.0518775233165
1977, 1538.0518775233165
1978, 1538.0518775233165
1979, 1538.0518775233165
1980, 1538.0518775233165
1981, 1538.0518775233165
1982, 1538.0518775233165
1983, 1538.0518775233165
1984, 1538.0518775233165
1985, 1538.0518775233165
1986, 1538.0518775233165
1987, 1538.0518775233165
1988, 1538.0518775233165
1989, 1538.0518775233165
1990, 1538.0518775233165
1991, 1538.0518775233165
1992, 1538.0518775233165
1993, 1538.0518775233165
1994, 1538.0518775233165
1995, 1538.0518775233165
1996, 1538.0518775233165
1997, 1538.0518775233165
1998, 1538.0518775233165
1999, 1538.0518775233165
2000, 1538.0518775233165
2001, 1538.0518775233165
2002, 1538.0518775233165
2003, 1538.0518775233165
2004, 1538.0518775233165
2005, 1538.0518775233165
2006, 1538.0518775233165
2007, 1538.0518775233165
2008, 1538.0518775233165
2009, 1538.0518775233165
2010, 1538.0518775233165
2011, 1538.0518775233165
2012, 1538.0518775233165
2013, 1538.0518775233165
2014, 1538.0518775233165
2015, 1538.0518775233165
2016, 1538.0518775233165
2017, 1538.0518775233165
2018, 1538.0518775233165
2019, 1538.0518775233165
2020, 1538.0518775233165
2021, 1538.0518775233165
2022, 1538.0518775233165
2023, 1538.0518775233165
2024, 1538.0518775233165
2025, 1538.0518775233165
2026, 1538.0518775233165
2027, 1538.0518775233165
2028, 1538.0518775233165
2029, 1538.0518775233165
2030, 1538.0518775233165
2031, 1538.0518775233165
2032, 1538.0518775233165
2033, 1538.0518775233165
2034, 1538.0518775233165
2035, 1538.0518775233165
2036, 1538.0518775233165
2037, 1538.0518775233165
2038, 1538.0518775233165
2039, 1538.0518775233165
2040, 1538.0518775233165
2041, 1538.0518775233165
2042, 1538.0518775233165
2043, 1538.0518775233165
2044, 1538.0518775233165
2045, 1538.0518775233165
2046, 1538.0518775233165
2047, 1538.0518775233165
2048, 1538.0518775233165
2049, 1538.0518775233165
2050, 1538.0518775233165
2051, 1538.0518775233165
2052, 1538.0518775233165
2053, 1538.0518775233165
2054, 1538.0518775233165
2055, 1538.0518775233165
2056, 1538.0518775233165
2057, 1538.0518775233165
2058, 1538.0518775233165
2059, 1538.0518775233165
2060, 1538.0518775233165
2061, 1538.0518775233165
2062, 1538.0518775233165
2063, 1538.0518775233165
2064, 1538.0518775233165
2065, 1525.163144881634
2066, 1525.163144881634
2067, 1525.163144881634
2068, 1525.163144881634
2069, 1525.163144881634
2070, 1525.163144881634
2071, 1525.163144881634
2072, 1525.163144881634
2073, 1525.163144881634
2074, 1525.163144881634
2075, 1525.163144881634
2076, 1525.163144881634
2077, 1525.163144881634
2078, 1525.163144881634
2079, 1525.163144881634
2080, 1525.163144881634
2081, 1525.163144881634
2082, 1525.163144881634
2083, 1525.163144881634
2084, 1525.163144881634
2085, 1525.163144881634
2086, 1525.163144881634
2087, 1525.163144881634
2088, 1525.163144881634
2089, 1525.163144881634
2090, 1525.163144881634
2091, 1525.163144881634
2092, 1525.163144881634
2093, 1525.163144881634
2094, 1525.163144881634
2095, 1525.163144881634
2096, 1525.163144881634
2097, 1525.163144881634
2098, 1525.163144881634
2099, 1525.163144881634
2100, 1525.163144881634
2101, 1525.163144881634
2102, 1525.163144881634
2103, 1525.163144881634
2104, 1525.163144881634
2105, 1525.163144881634
2106, 1525.163144881634
2107, 1525.163144881634
2108, 1525.163144881634
2109, 1525.163144881634
2110, 1525.163144881634
2111, 1525.163144881634
2112, 1525.163144881634
2113, 1525.163144881634
2114, 1525.163144881634
2115, 1525.163144881634
2116, 1525.163144881634
2117, 1525.163144881634
2118, 1525.163144881634
2119, 1525.163144881634
2120, 1525.163144881634
2121, 1525.163144881634
2122, 1525.163144881634
2123, 1525.163144881634
2124, 1525.163144881634
2125, 1525.163144881634
2126, 1525.163144881634
2127, 1525.163144881634
2128, 1525.163144881634
2129, 1525.163144881634
2130, 1525.163144881634
2131, 1525.163144881634
2132, 1525.163144881634
2133, 1525.163144881634
2134, 1525.163144881634
2135, 1525.163144881634
2136, 1525.163144881634
2137, 1525.163144881634
2138, 1525.163144881634
2139, 1525.163144881634
2140, 1525.163144881634
2141, 1525.163144881634
2142, 1525.163144881634
2143, 1525.163144881634
2144, 1525.163144881634
2145, 1525.163144881634
2146, 1525.163144881634
2147, 1525.163144881634
2148, 1525.163144881634
2149, 1525.163144881634
2150, 1525.163144881634
2151, 1525.163144881634
2152, 1525.163144881634
2153, 1525.163144881634
2154, 1525.163144881634
2155, 1525.163144881634
2156, 1525.163144881634
2157, 1525.163144881634
2158, 1525.163144881634
2159, 1525.163144881634
2160, 1525.163144881634
2161, 1525.163144881634
2162, 1525.163144881634
2163, 1525.163144881634
2164, 1525.163144881634
2165, 1525.163144881634
2166, 1525.163144881634
2167, 1525.163144881634
2168, 1525.163144881634
2169, 1525.163144881634
2170, 1525.163144881634
2171, 1525.163144881634
2172, 1525.163144881634
2173, 1525.163144881634
2174, 1525.163144881634
2175, 1525.163144881634
2176, 1525.163144881634
2177, 1525.163144881634
2178, 1525.163144881634
2179, 1525.163144881634
2180, 1525.163144881634
2181, 1525.163144881634
2182, 1525.163144881634
2183, 1525.163144881634
2184, 1525.163144881634
2185, 1525.163144881634
2186, 1525.163144881634
2187, 1525.163144881634
2188, 1512.909745464201
2189, 1512.909745464201
2190, 1512.909745464201
2191, 1512.909745464201
2192, 1512.909745464201
2193, 1512.909745464201
2194, 1512.909745464201
2195, 1512.909745464201
2196, 1512.909745464201
2197, 1512.909745464201
2198, 1512.909745464201
2199, 1512.909745464201
2200, 1512.556816642801
2201, 1512.556816642801
2202, 1512.556816642801
2203, 1512.556816642801
2204, 1512.556816642801
2205, 1512.556816642801
2206, 1512.556816642801
2207, 1512.556816642801
2208, 1512.556816642801
2209, 1512.556816642801
2210, 1512.556816642801
2211, 1512.556816642801
2212, 1512.556816642801
2213, 1512.556816642801
2214, 1512.556816642801
2215, 1512.556816642801
2216, 1512.556816642801
2217, 1512.556816642801
2218, 1512.556816642801
2219, 1512.556816642801
2220, 1512.556816642801
2221, 1512.556816642801
2222, 1512.556816642801
2223, 1512.556816642801
2224, 1512.556816642801
2225, 1512.556816642801
2226, 1512.556816642801
2227, 1512.556816642801
2228, 1512.556816642801
2229, 1512.556816642801
2230, 1512.556816642801
2231, 1512.556816642801
2232, 1512.556816642801
2233, 1512.556816642801
2234, 1512.556816642801
2235, 1512.556816642801
2236, 1512.556816642801
2237, 1512.556816642801
2238, 1512.556816642801
2239, 1512.556816642801
2240, 1512.556816642801
2241, 1512.556816642801
2242, 1512.556816642801
2243, 1512.556816642801
2244, 1512.556816642801
2245, 1512.556816642801
2246, 1512.556816642801
2247, 1512.556816642801
2248, 1512.556816642801
2249, 1512.556816642801
2250, 1512.556816642801
2251, 1512.556816642801
2252, 1512.556816642801
2253, 1512.556816642801
2254, 1512.556816642801
2255, 1512.556816642801
2256, 1512.556816642801
2257, 1512.556816642801
2258, 1512.556816642801
2259, 1512.556816642801
2260, 1512.556816642801
2261, 1512.556816642801
2262, 1512.556816642801
2263, 1512.556816642801
2264, 1512.556816642801
2265, 1512.556816642801
2266, 1512.556816642801
2267, 1512.556816642801
2268, 1512.556816642801
2269, 1512.556816642801
2270, 1512.556816642801
2271, 1512.556816642801
2272, 1512.556816642801
2273, 1512.556816642801
2274, 1512.556816642801
2275, 1512.556816642801
2276, 1512.556816642801
2277, 1512.556816642801
2278, 1512.556816642801
2279, 1512.556816642801
2280, 1512.556816642801
2281, 1512.556816642801
2282, 1512.556816642801
2283, 1512.556816642801
2284, 1512.556816642801
2285, 1512.556816642801
2286, 1512.556816642801
2287, 1512.556816642801
2288, 1512.556816642801
2289, 1512.556816642801
2290, 1512.556816642801
2291, 1508.2298493781702
2292, 1508.2298493781702
2293, 1508.2298493781702
2294, 1508.2298493781702
2295, 1508.2298493781702
2296, 1508.2298493781702
2297, 1508.2298493781702
2298, 1508.2298493781702
2299, 1508.2298493781702
2300, 1508.2298493781702
2301, 1508.2298493781702
2302, 1508.2298493781702
2303, 1508.2298493781702
2304, 1508.2298493781702
2305, 1508.2298493781702
2306, 1508.2298493781702
2307, 1508.2298493781702
2308, 1508.2298493781702
2309, 1508.2298493781702
2310, 1508.2298493781702
2311, 1508.2298493781702
2312, 1508.2298493781702
2313, 1508.2298493781702
2314, 1508.2298493781702
2315, 1508.2298493781702
2316, 1508.2298493781702
2317, 1508.2298493781702
2318, 1508.2298493781702
2319, 1508.2298493781702
2320, 1507.6989590406672
2321, 1507.6989590406672
2322, 1507.6989590406672
2323, 1507.6989590406672
2324, 1507.6989590406672
2325, 1506.8079891329612
2326, 1501.1717923328624
2327, 1480.5791493705835
2328, 1480.5791493705835
2329, 1480.5791493705835
2330, 1480.5791493705835
2331, 1480.5791493705835
2332, 1480.5791493705835
2333, 1480.5791493705835
2334, 1480.5791493705835
2335, 1474.6870208441906
2336, 1470.6620117748453
2337, 1470.6620117748453
2338, 1470.6620117748453
2339, 1470.6620117748453
2340, 1470.6620117748453
2341, 1470.6620117748453
2342, 1470.6620117748453
2343, 1470.6620117748453
2344, 1470.6620117748453
2345, 1470.6620117748453
2346, 1470.6620117748453
2347, 1470.6620117748453
2348, 1467.170076494909
2349, 1467.170076494909
2350, 1467.170076494909
2351, 1467.170076494909
2352, 1467.170076494909
2353, 1467.170076494909
2354, 1467.170076494909
2355, 1467.170076494909
2356, 1467.170076494909
2357, 1467.170076494909
2358, 1463.6314654215246
2359, 1453.108674099823
2360, 1453.108674099823
2361, 1453.108674099823
2362, 1453.108674099823
2363, 1453.108674099823
2364, 1452.736712686368
2365, 1452.736712686368
2366, 1452.736712686368
2367, 1452.736712686368
2368, 1452.736712686368
2369, 1452.736712686368
2370, 1452.736712686368
2371, 1452.713717000159
2372, 1452.713717000159
2373, 1452.713717000159
2374, 1452.713717000159
2375, 1452.713717000159
2376, 1452.713717000159
2377, 1452.713717000159
2378, 1452.713717000159
2379, 1452.713717000159
2380, 1452.713717000159
2381, 1452.713717000159
2382, 1452.713717000159
2383, 1452.713717000159
2384, 1452.713717000159
2385, 1452.713717000159
2386, 1452.713717000159
2387, 1452.713717000159
2388, 1452.713717000159
2389, 1452.713717000159
2390, 1452.713717000159
2391, 1452.713717000159
2392, 1452.713717000159
2393, 1452.713717000159
2394, 1452.713717000159
2395, 1452.713717000159
2396, 1452.713717000159
2397, 1452.713717000159
2398, 1452.713717000159
2399, 1452.713717000159
2400, 1452.713717000159
2401, 1452.713717000159
2402, 1452.713717000159
2403, 1452.713717000159
2404, 1452.713717000159
2405, 1452.713717000159
2406, 1452.713717000159
2407, 1452.713717000159
2408, 1452.713717000159
2409, 1452.713717000159
2410, 1452.713717000159
2411, 1452.713717000159
2412, 1452.713717000159
2413, 1452.713717000159
2414, 1452.713717000159
2415, 1452.713717000159
2416, 1452.713717000159
2417, 1452.713717000159
2418, 1452.713717000159
2419, 1452.713717000159
2420, 1452.713717000159
2421, 1452.713717000159
2422, 1452.713717000159
2423, 1452.713717000159
2424, 1452.713717000159
2425, 1452.713717000159
2426, 1452.713717000159
2427, 1452.713717000159
2428, 1452.713717000159
2429, 1452.713717000159
2430, 1452.713717000159
2431, 1452.713717000159
2432, 1451.2726561888392
2433, 1451.2726561888392
2434, 1446.857619748147
2435, 1446.857619748147
2436, 1446.857619748147
2437, 1446.857619748147
2438, 1446.857619748147
2439, 1446.857619748147
2440, 1446.857619748147
2441, 1446.857619748147
2442, 1446.857619748147
2443, 1446.857619748147
2444, 1446.857619748147
2445, 1446.857619748147
2446, 1446.857619748147
2447, 1446.857619748147
2448, 1435.1253384237516
2449, 1435.1253384237516
2450, 1435.1253384237516
2451, 1435.1253384237516
2452, 1435.1253384237516
2453, 1435.1253384237516
2454, 1435.1253384237516
2455, 1435.1253384237516
2456, 1435.1253384237516
2457, 1435.1253384237516
2458, 1435.1253384237516
2459, 1435.1253384237516
2460, 1435.1253384237516
2461, 1435.1253384237516
2462, 1435.1253384237516
2463, 1435.1253384237516
2464, 1434.2572161347607
2465, 1434.2572161347607
2466, 1434.2572161347607
2467, 1434.2572161347607
2468, 1434.2572161347607
2469, 1434.2572161347607
2470, 1434.2572161347607
2471, 1434.2572161347607
2472, 1434.2572161347607
2473, 1434.2572161347607
2474, 1434.2572161347607
2475, 1434.2572161347607
2476, 1434.2572161347607
2477, 1434.2572161347607
2478, 1434.2572161347607
2479, 1434.2572161347607
2480, 1434.2572161347607
2481, 1434.2572161347607
2482, 1434.2572161347607
2483, 1434.2572161347607
2484, 1434.2572161347607
2485, 1434.2572161347607
2486, 1434.2572161347607
2487, 1434.2572161347607
2488, 1434.2572161347607
2489, 1434.2572161347607
2490, 1434.2572161347607
2491, 1434.2572161347607
2492, 1434.2572161347607
2493, 1434.2572161347607
2494, 1434.2572161347607
2495, 1434.2572161347607
2496, 1434.2572161347607
2497, 1434.2572161347607
2498, 1434.2572161347607
2499, 1434.2572161347607
2500, 1434.2572161347607
2501, 1434.2572161347607
2502, 1434.2572161347607
2503, 1434.2572161347607
2504, 1434.2572161347607
2505, 1434.2572161347607
2506, 1434.2572161347607
2507, 1434.2572161347607
2508, 1434.2572161347607
2509, 1434.2572161347607
2510, 1434.2572161347607
2511, 1434.2572161347607
2512, 1434.2572161347607
2513, 1434.2572161347607
2514, 1434.2572161347607
2515, 1434.2572161347607
2516, 1434.2572161347607
2517, 1434.2572161347607
2518, 1434.2572161347607
2519, 1434.2572161347607
2520, 1434.2572161347607
2521, 1434.2572161347607
2522, 1434.2572161347607
2523, 1434.2572161347607
2524, 1434.2572161347607
2525, 1434.2572161347607
2526, 1434.2572161347607
2527, 1434.2572161347607
2528, 1434.2572161347607
2529, 1434.2572161347607
2530, 1434.2572161347607
2531, 1434.2572161347607
2532, 1434.2572161347607
2533, 1434.2572161347607
2534, 1434.2572161347607
2535, 1434.2572161347607
2536, 1434.2572161347607
2537, 1434.2572161347607
2538, 1434.2572161347607
2539, 1434.2572161347607
2540, 1434.2572161347607
2541, 1434.2572161347607
2542, 1434.2572161347607
2543, 1434.2572161347607
2544, 1434.2572161347607
2545, 1434.2572161347607
2546, 1434.2572161347607
2547, 1434.2572161347607
2548, 1434.2572161347607
2549, 1434.2572161347607
2550, 1434.2572161347607
2551, 1434.2572161347607
2552, 1434.2572161347607
2553, 1434.2572161347607
2554, 1434.2572161347607
2555, 1434.2572161347607
2556, 1434.2572161347607
2557, 1434.2572161347607
2558, 1434.2572161347607
2559, 1434.2572161347607
2560, 1434.2572161347607
2561, 1434.2572161347607
2562, 1434.2572161347607
2563, 1434.2572161347607
2564, 1434.2572161347607
2565, 1434.2572161347607
2566, 1432.925279465376
2567, 1432.925279465376
2568, 1432.925279465376
2569, 1432.925279465376
2570, 1432.925279465376
2571, 1432.925279465376
2572, 1432.925279465376
2573, 1432.925279465376
2574, 1432.925279465376
2575, 1432.925279465376
2576, 1432.925279465376
2577, 1432.925279465376
2578, 1432.925279465376
2579, 1432.925279465376
2580, 1432.925279465376
2581, 1432.925279465376
2582, 1432.925279465376
2583, 1432.925279465376
2584, 1432.925279465376
2585, 1432.925279465376
2586, 1432.925279465376
2587, 1432.925279465376
2588, 1432.925279465376
2589, 1432.925279465376
2590, 1432.925279465376
2591, 1432.925279465376
2592, 1432.925279465376
2593, 1432.925279465376
2594, 1432.925279465376
2595, 1432.925279465376
2596, 1432.925279465376
2597, 1432.925279465376
2598, 1432.925279465376
2599, 1432.925279465376
2600, 1432.925279465376
2601, 1432.925279465376
2602, 1432.925279465376
2603, 1432.925279465376
2604, 1432.925279465376
2605, 1432.925279465376
2606, 1432.925279465376
2607, 1432.925279465376
2608, 1432.925279465376
2609, 1432.925279465376
2610, 1432.925279465376
2611, 1432.925279465376
2612, 1432.925279465376
2613, 1432.925279465376
2614, 1432.925279465376
2615, 1432.925279465376
2616, 1432.925279465376
2617, 1432.925279465376
2618, 1432.925279465376
2619, 1432.925279465376
2620, 1432.925279465376
2621, 1432.925279465376
2622, 1432.925279465376
2623, 1432.925279465376
2624, 1432.925279465376
2625, 1432.7813778509383
2626, 1432.7813778509383
2627, 1432.7813778509383
2628, 1432.7813778509383
2629, 1432.7813778509383
2630, 1432.7813778509383
2631, 1432.7813778509383
2632, 1432.7813778509383
2633, 1432.7813778509383
2634, 1432.7813778509383
2635, 1432.7813778509383
2636, 1432.7813778509383
2637, 1432.7813778509383
2638, 1432.7813778509383
2639, 1432.7813778509383
2640, 1432.7813778509383
2641, 1432.7813778509383
2642, 1432.7813778509383
2643, 1432.7813778509383
2644, 1432.7813778509383
2645, 1432.7813778509383
2646, 1432.7813778509383
2647, 1432.7813778509383
2648, 1432.7813778509383
2649, 1432.7813778509383
2650, 1432.7813778509383
2651, 1432.7813778509383
2652, 1432.7813778509383
2653, 1432.7813778509383
2654, 1432.7813778509383
2655, 1432.7813778509383
2656, 1432.7813778509383
2657, 1432.7813778509383
2658, 1423.4728301677055
2659, 1423.4728301677055
2660, 1423.4728301677055
2661, 1423.4728301677055
2662, 1423.4728301677055
2663, 1423.4728301677055
2664, 1423.4728301677055
2665, 1423.4728301677055
2666, 1423.4728301677055
2667, 1423.4728301677055
2668, 1423.4728301677055
2669, 1423.4728301677055
2670, 1423.4728301677055
2671, 1423.4728301677055
2672, 1423.4728301677055
2673, 1423.4728301677055
2674, 1423.4728301677055
2675, 1423.4728301677055
2676, 1423.4728301677055
2677, 1423.4728301677055
2678, 1423.4728301677055
2679, 1423.4728301677055
2680, 1423.4728301677055
2681, 1423.4728301677055
2682, 1423.4728301677055
2683, 1423.4728301677055
2684, 1423.4728301677055
2685, 1423.4728301677055
2686, 1423.4728301677055
2687, 1423.4728301677055
2688, 1423.4728301677055
2689, 1423.4728301677055
2690, 1423.4728301677055
2691, 1423.4728301677055
2692, 1423.4728301677055
2693, 1423.4728301677055
2694, 1423.4728301677055
2695, 1423.4728301677055
2696, 1423.4728301677055
2697, 1423.4728301677055
2698, 1423.4728301677055
2699, 1423.4728301677055
2700, 1423.4728301677055
2701, 1423.4728301677055
2702, 1423.4728301677055
2703, 1423.4728301677055
2704, 1423.4728301677055
2705, 1423.4728301677055
2706, 1423.4728301677055
2707, 1423.4728301677055
2708, 1423.4728301677055
2709, 1423.4728301677055
2710, 1423.4728301677055
2711, 1423.4728301677055
2712, 1423.4728301677055
2713, 1423.4728301677055
2714, 1414.1355857836925
2715, 1414.1355857836925
2716, 1414.1355857836925
2717, 1414.1355857836925
2718, 1414.1355857836925
2719, 1414.1355857836925
2720, 1414.1355857836925
2721, 1414.1355857836925
2722, 1414.1355857836925
2723, 1414.1355857836925
2724, 1414.1355857836925
2725, 1414.1355857836925
2726, 1414.1355857836925
2727, 1414.1355857836925
2728, 1414.1355857836925
2729, 1414.1355857836925
2730, 1414.1355857836925
2731, 1414.1355857836925
2732, 1414.1355857836925
2733, 1414.1355857836925
2734, 1414.1355857836925
2735, 1414.1355857836925
2736, 1414.1355857836925
2737, 1414.1355857836925
2738, 1414.1355857836925
2739, 1414.1355857836925
2740, 1414.1355857836925
2741, 1414.1355857836925
2742, 1414.1355857836925
2743, 1414.1355857836925
2744, 1414.1355857836925
2745, 1414.1355857836925
2746, 1414.1355857836925
2747, 1414.1355857836925
2748, 1414.1355857836925
2749, 1414.1355857836925
2750, 1414.1355857836925
2751, 1414.1355857836925
2752, 1414.1355857836925
2753, 1414.1355857836925
2754, 1414.1355857836925
2755, 1414.1355857836925
2756, 1409.4841593083183
2757, 1409.4841593083183
2758, 1409.4841593083183
2759, 1409.4841593083183
2760, 1409.4841593083183
2761, 1409.4841593083183
2762, 1409.4841593083183
2763, 1409.4841593083183
2764, 1409.4841593083183
2765, 1409.4841593083183
2766, 1409.4841593083183
2767, 1409.4841593083183
2768, 1409.4841593083183
2769, 1409.4841593083183
2770, 1409.4841593083183
2771, 1409.4841593083183
2772, 1409.4841593083183
2773, 1409.4841593083183
2774, 1409.4841593083183
2775, 1409.4841593083183
2776, 1409.4841593083183
2777, 1409.4841593083183
2778, 1409.4841593083183
2779, 1409.4841593083183
2780, 1409.4841593083183
2781, 1409.4841593083183
2782, 1409.4841593083183
2783, 1409.4841593083183
2784, 1409.4841593083183
2785, 1409.4841593083183
2786, 1409.4841593083183
2787, 1409.4841593083183
2788, 1409.4841593083183
2789, 1409.4841593083183
2790, 1409.4841593083183
2791, 1409.4841593083183
2792, 1409.4841593083183
2793, 1409.4841593083183
2794, 1409.4841593083183
2795, 1409.4841593083183
2796, 1409.4841593083183
2797, 1409.4841593083183
2798, 1409.4841593083183
2799, 1409.4841593083183
2800, 1409.4841593083183
2801, 1409.4841593083183
2802, 1409.4841593083183
2803, 1409.4841593083183
2804, 1409.4841593083183
2805, 1409.4841593083183
2806, 1409.4841593083183
2807, 1409.4841593083183
2808, 1409.4841593083183
2809, 1409.4841593083183
2810, 1409.4841593083183
2811, 1409.4841593083183
2812, 1409.4841593083183
2813, 1409.4841593083183
2814, 1409.4841593083183
2815, 1409.4841593083183
2816, 1409.4841593083183
2817, 1409.4841593083183
2818, 1409.4841593083183
2819, 1409.4841593083183
2820, 1409.4841593083183
2821, 1409.4841593083183
2822, 1409.4841593083183
2823, 1409.4841593083183
2824, 1409.4841593083183
2825, 1409.4841593083183
2826, 1409.4841593083183
2827, 1409.4841593083183
2828, 1409.4841593083183
2829, 1409.4841593083183
2830, 1409.4841593083183
2831, 1409.4841593083183
2832, 1409.4841593083183
2833, 1409.4841593083183
2834, 1409.4841593083183
2835, 1409.4841593083183
2836, 1409.4841593083183
2837, 1409.4841593083183
2838, 1409.4841593083183
2839, 1398.211779607002
2840, 1398.211779607002
2841, 1398.211779607002
2842, 1398.211779607002
2843, 1398.211779607002
2844, 1398.211779607002
2845, 1398.211779607002
2846, 1398.211779607002
2847, 1398.211779607002
2848, 1398.211779607002
2849, 1398.211779607002
2850, 1398.211779607002
2851, 1398.211779607002
2852, 1398.211779607002
2853, 1398.211779607002
2854, 1398.211779607002
2855, 1398.211779607002
2856, 1398.211779607002
2857, 1398.211779607002
2858, 1398.211779607002
2859, 1398.211779607002
2860, 1398.211779607002
2861, 1398.211779607002
2862, 1398.211779607002
2863, 1398.211779607002
2864, 1398.211779607002
2865, 1398.211779607002
2866, 1398.211779607002
2867, 1398.211779607002
2868, 1398.211779607002
2869, 1398.211779607002
2870, 1398.211779607002
2871, 1398.211779607002
2872, 1398.211779607002
2873, 1398.211779607002
2874, 1398.211779607002
2875, 1398.211779607002
2876, 1398.211779607002
2877, 1398.211779607002
2878, 1398.211779607002
2879, 1398.211779607002
2880, 1398.211779607002
2881, 1398.211779607002
2882, 1398.211779607002
2883, 1398.211779607002
2884, 1398.211779607002
2885, 1398.211779607002
2886, 1398.211779607002
2887, 1398.211779607002
2888, 1398.211779607002
2889, 1398.211779607002
2890, 1398.211779607002
2891, 1398.211779607002
2892, 1398.211779607002
2893, 1398.211779607002
2894, 1398.211779607002
2895, 1398.211779607002
2896, 1398.211779607002
2897, 1398.211779607002
2898, 1398.211779607002
2899, 1398.211779607002
2900, 1398.211779607002
2901, 1398.211779607002
2902, 1398.211779607002
2903, 1398.211779607002
2904, 1398.211779607002
2905, 1398.211779607002
2906, 1398.211779607002
2907, 1398.211779607002
2908, 1398.211779607002
2909, 1398.211779607002
2910, 1398.211779607002
2911, 1398.211779607002
2912, 1398.211779607002
2913, 1398.211779607002
2914, 1398.211779607002
2915, 1398.211779607002
2916, 1398.211779607002
2917, 1398.211779607002
2918, 1398.211779607002
2919, 1398.211779607002
2920, 1398.211779607002
2921, 1398.211779607002
2922, 1398.211779607002
2923, 1398.211779607002
2924, 1398.211779607002
2925, 1398.211779607002
2926, 1398.211779607002
2927, 1398.211779607002
2928, 1398.211779607002
2929, 1398.211779607002
2930, 1398.211779607002
2931, 1398.211779607002
2932, 1398.211779607002
2933, 1398.211779607002
2934, 1398.211779607002
2935, 1398.211779607002
2936, 1398.211779607002
2937, 1398.211779607002
2938, 1398.211779607002
2939, 1398.211779607002
2940, 1398.211779607002
2941, 1398.211779607002
2942, 1398.211779607002
2943, 1398.211779607002
2944, 1398.211779607002
2945, 1398.211779607002
2946, 1398.211779607002
2947, 1398.211779607002
2948, 1398.211779607002
2949, 1398.211779607002
2950, 1398.211779607002
2951, 1398.211779607002
2952, 1398.211779607002
2953, 1398.211779607002
2954, 1398.211779607002
2955, 1398.211779607002
2956, 1398.211779607002
2957, 1398.211779607002
2958, 1365.101567438948
2959, 1365.101567438948
2960, 1365.101567438948
2961, 1365.101567438948
2962, 1365.101567438948
2963, 1365.101567438948
2964, 1365.101567438948
2965, 1365.101567438948
2966, 1365.101567438948
2967, 1365.101567438948
2968, 1365.101567438948
2969, 1365.101567438948
2970, 1365.101567438948
2971, 1365.101567438948
2972, 1365.101567438948
2973, 1365.101567438948
2974, 1365.101567438948
2975, 1365.101567438948
2976, 1365.101567438948
2977, 1365.101567438948
2978, 1365.101567438948
2979, 1365.101567438948
2980, 1365.101567438948
2981, 1365.101567438948
2982, 1365.101567438948
2983, 1365.101567438948
2984, 1365.101567438948
2985, 1365.101567438948
2986, 1365.101567438948
2987, 1365.101567438948
2988, 1365.101567438948
2989, 1365.101567438948
2990, 1365.101567438948
2991, 1365.101567438948
2992, 1365.101567438948
2993, 1365.101567438948
2994, 1365.101567438948
2995, 1365.101567438948
2996, 1365.101567438948
2997, 1365.101567438948
2998, 1365.101567438948
2999, 1365.101567438948
3000, 1365.101567438948
3001, 1365.101567438948
3002, 1365.101567438948
3003, 1365.101567438948
3004, 1365.101567438948
3005, 1365.101567438948
3006, 1365.101567438948
3007, 1365.101567438948
3008, 1365.101567438948
3009, 1365.101567438948
3010, 1365.101567438948
3011, 1365.101567438948
3012, 1365.101567438948
3013, 1365.101567438948
3014, 1358.6479520622868
3015, 1358.6479520622868
3016, 1358.6479520622868
3017, 1358.6479520622868
3018, 1358.6479520622868
3019, 1358.6479520622868
3020, 1358.6479520622868
3021, 1358.6479520622868
3022, 1358.6479520622868
3023, 1358.6479520622868
3024, 1358.6479520622868
3025, 1358.6479520622868
3026, 1358.6479520622868
3027, 1358.6479520622868
3028, 1358.6479520622868
3029, 1358.6479520622868
3030, 1358.6479520622868
3031, 1358.6479520622868
3032, 1358.6479520622868
3033, 1358.6479520622868
3034, 1358.6479520622868
3035, 1358.6479520622868
3036, 1358.6479520622868
3037, 1358.6479520622868
3038, 1358.6479520622868
3039, 1358.6479520622868
3040, 1358.6479520622868
3041, 1358.6479520622868
3042, 1358.6479520622868
3043, 1358.6479520622868
3044, 1358.6479520622868
3045, 1358.6479520622868
3046, 1358.6479520622868
3047, 1358.6479520622868
3048, 1358.6479520622868
3049, 1358.6479520622868
3050, 1358.6479520622868
3051, 1358.6479520622868
3052, 1358.6479520622868
3053, 1358.6479520622868
3054, 1358.6479520622868
3055, 1358.6479520622868
3056, 1358.6479520622868
3057, 1358.6479520622868
3058, 1358.6479520622868
3059, 1358.6479520622868
3060, 1358.6479520622868
3061, 1358.6479520622868
3062, 1358.6479520622868
3063, 1358.6479520622868
3064, 1358.6479520622868
3065, 1358.6479520622868
3066, 1358.6479520622868
3067, 1358.6479520622868
3068, 1358.6479520622868
3069, 1358.6479520622868
3070, 1358.6479520622868
3071, 1358.6479520622868
3072, 1358.6479520622868
3073, 1358.6479520622868
3074, 1358.6479520622868
3075, 1358.6479520622868
3076, 1358.6479520622868
3077, 1358.6479520622868
3078, 1358.6479520622868
3079, 1358.6479520622868
3080, 1358.6479520622868
3081, 1358.6479520622868
3082, 1358.6479520622868
3083, 1358.6479520622868
3084, 1358.6479520622868
3085, 1358.6479520622868
3086, 1358.6479520622868
3087, 1358.6479520622868
3088, 1358.6479520622868
3089, 1358.6479520622868
3090, 1358.6479520622868
3091, 1358.6479520622868
3092, 1358.6479520622868
3093, 1358.6479520622868
3094, 1336.0005085474813
3095, 1336.0005085474813
3096, 1336.0005085474813
3097, 1336.0005085474813
3098, 1336.0005085474813
3099, 1336.0005085474813
3100, 1336.0005085474813
3101, 1336.0005085474813
3102, 1336.0005085474813
3103, 1336.0005085474813
3104, 1336.0005085474813
3105, 1336.0005085474813
3106, 1336.0005085474813
3107, 1336.0005085474813
3108, 1336.0005085474813
3109, 1336.0005085474813
3110, 1336.0005085474813
3111, 1336.0005085474813
3112, 1336.0005085474813
3113, 1336.0005085474813
3114, 1336.0005085474813
3115, 1336.0005085474813
3116, 1336.0005085474813
3117, 1326.189313061683
3118, 1326.189313061683
3119, 1326.189313061683
3120, 1326.189313061683
3121, 1326.189313061683
3122, 1326.189313061683
3123, 1326.189313061683
3124, 1326.189313061683
3125, 1326.189313061683
3126, 1326.189313061683
3127, 1326.189313061683
3128, 1326.189313061683
3129, 1326.189313061683
3130, 1326.189313061683
3131, 1326.189313061683
3132, 1326.189313061683
3133, 1326.189313061683
3134, 1326.189313061683
3135, 1326.189313061683
3136, 1326.189313061683
3137, 1326.189313061683
3138, 1326.189313061683
3139, 1326.189313061683
3140, 1324.197075694898
3141, 1324.197075694898
3142, 1324.197075694898
3143, 1324.197075694898
3144, 1324.197075694898
3145, 1324.197075694898
3146, 1324.197075694898
3147, 1324.197075694898
3148, 1324.197075694898
3149, 1324.197075694898
3150, 1324.197075694898
3151, 1324.197075694898
3152, 1324.197075694898
3153, 1324.197075694898
3154, 1324.197075694898
3155, 1324.197075694898
3156, 1324.197075694898
3157, 1324.197075694898
3158, 1324.197075694898
3159, 1324.197075694898
3160, 1324.197075694898
3161, 1324.197075694898
3162, 1324.197075694898
3163, 1324.197075694898
3164, 1324.197075694898
3165, 1324.197075694898
3166, 1324.197075694898
3167, 1324.197075694898
3168, 1324.197075694898
3169, 1324.197075694898
3170, 1324.197075694898
3171, 1324.197075694898
3172, 1324.197075694898
3173, 1324.197075694898
3174, 1324.197075694898
3175, 1324.197075694898
3176, 1324.197075694898
3177, 1324.197075694898
3178, 1324.197075694898
3179, 1324.197075694898
3180, 1324.197075694898
3181, 1324.197075694898
3182, 1324.197075694898
3183, 1324.197075694898
3184, 1324.197075694898
3185, 1324.197075694898
3186, 1324.197075694898
3187, 1324.197075694898
3188, 1324.197075694898
3189, 1324.197075694898
3190, 1324.197075694898
3191, 1324.197075694898
3192, 1324.197075694898
3193, 1324.197075694898
3194, 1324.197075694898
3195, 1324.197075694898
3196, 1324.197075694898
3197, 1324.197075694898
3198, 1324.197075694898
3199, 1324.197075694898
3200, 1324.197075694898
3201, 1324.197075694898
3202, 1324.197075694898
3203, 1324.197075694898
3204, 1324.197075694898
3205, 1324.197075694898
3206, 1324.197075694898
3207, 1324.197075694898
3208, 1324.197075694898
3209, 1324.197075694898
3210, 1324.197075694898
3211, 1324.197075694898
3212, 1324.197075694898
3213, 1324.197075694898
3214, 1324.197075694898
3215, 1324.197075694898
3216, 1324.197075694898
3217, 1324.197075694898
3218, 1324.197075694898
3219, 1324.197075694898
3220, 1324.197075694898
3221, 1324.197075694898
3222, 1324.197075694898
3223, 1324.197075694898
3224, 1324.197075694898
3225, 1314.794665492218
3226, 1314.794665492218
3227, 1314.794665492218
3228, 1314.794665492218
3229, 1314.794665492218
3230, 1314.794665492218
3231, 1314.794665492218
3232, 1314.794665492218
3233, 1314.794665492218
3234, 1314.794665492218
3235, 1314.794665492218
3236, 1314.794665492218
3237, 1314.794665492218
3238, 1314.794665492218
3239, 1314.794665492218
3240, 1314.794665492218
3241, 1314.794665492218
3242, 1312.3198015218995
3243, 1312.3198015218995
3244, 1312.3198015218995
3245, 1312.3198015218995
3246, 1312.3198015218995
3247, 1312.3198015218995
3248, 1312.3198015218995
3249, 1312.3198015218995
3250, 1312.3198015218995
3251, 1312.3198015218995
3252, 1312.3198015218995
3253, 1312.3198015218995
3254, 1312.3198015218995
3255, 1312.3198015218995
3256, 1312.3198015218995
3257, 1312.3198015218995
3258, 1312.3198015218995
3259, 1312.3198015218995
3260, 1312.3198015218995
3261, 1312.3198015218995
3262, 1312.3198015218995
3263, 1312.3198015218995
3264, 1312.3198015218995
3265, 1312.3198015218995
3266, 1312.3198015218995
3267, 1312.3198015218995
3268, 1312.3198015218995
3269, 1312.3198015218995
3270, 1312.3198015218995
3271, 1312.3198015218995
3272, 1312.3198015218995
3273, 1312.3198015218995
3274, 1312.3198015218995
3275, 1312.3198015218995
3276, 1312.3198015218995
3277, 1312.3198015218995
3278, 1312.3198015218995
3279, 1312.3198015218995
3280, 1312.3198015218995
3281, 1312.3198015218995
3282, 1312.3198015218995
3283, 1312.3198015218995
3284, 1312.3198015218995
3285, 1312.3198015218995
3286, 1312.3198015218995
3287, 1312.3198015218995
3288, 1312.3198015218995
3289, 1312.3198015218995
3290, 1312.3198015218995
3291, 1312.3198015218995
3292, 1312.3198015218995
3293, 1312.3198015218995
3294, 1312.3198015218995
3295, 1312.3198015218995
3296, 1312.3198015218995
3297, 1312.3198015218995
3298, 1312.3198015218995
3299, 1312.3198015218995
3300, 1312.3198015218995
3301, 1312.3198015218995
3302, 1312.3198015218995
3303, 1312.3198015218995
3304, 1312.3198015218995
3305, 1312.3198015218995
3306, 1312.3198015218995
3307, 1312.3198015218995
3308, 1312.3198015218995
3309, 1312.3198015218995
3310, 1312.3198015218995
3311, 1312.3198015218995
3312, 1312.3198015218995
3313, 1312.3198015218995
3314, 1312.3198015218995
3315, 1312.3198015218995
3316, 1312.3198015218995
3317, 1312.3198015218995
3318, 1312.3198015218995
3319, 1312.3198015218995
3320, 1312.3198015218995
3321, 1312.3198015218995
3322, 1312.3198015218995
3323, 1312.3198015218995
3324, 1312.3198015218995
3325, 1312.3198015218995
3326, 1312.3198015218995
3327, 1312.3198015218995
3328, 1312.3198015218995
3329, 1312.3198015218995
3330, 1312.3198015218995
3331, 1312.3198015218995
3332, 1312.3198015218995
3333, 1312.3198015218995
3334, 1312.3198015218995
3335, 1312.3198015218995
3336, 1312.3198015218995
3337, 1312.3198015218995
3338, 1312.3198015218995
3339, 1312.3198015218995
3340, 1312.3198015218995
3341, 1312.3198015218995
3342, 1312.3198015218995
3343, 1312.3198015218995
3344, 1312.3198015218995
3345, 1312.3198015218995
3346, 1312.3198015218995
3347, 1312.3198015218995
3348, 1312.3198015218995
3349, 1312.3198015218995
3350, 1312.3198015218995
3351, 1312.3198015218995
3352, 1312.3198015218995
3353, 1312.3198015218995
3354, 1312.3198015218995
3355, 1312.3198015218995
3356, 1312.3198015218995
3357, 1312.3198015218995
3358, 1312.3198015218995
3359, 1312.3198015218995
3360, 1312.3198015218995
3361, 1312.3198015218995
3362, 1312.3198015218995
3363, 1312.3198015218995
3364, 1312.3198015218995
3365, 1312.3198015218995
3366, 1312.3198015218995
3367, 1312.3198015218995
3368, 1312.3198015218995
3369, 1312.3198015218995
3370, 1312.3198015218995
3371, 1312.3198015218995
3372, 1312.3198015218995
3373, 1312.3198015218995
3374, 1312.3198015218995
3375, 1312.3198015218995
3376, 1312.3198015218995
3377, 1312.3198015218995
3378, 1312.3198015218995
3379, 1312.3198015218995
3380, 1312.3198015218995
3381, 1312.3198015218995
3382, 1312.3198015218995
3383, 1312.3198015218995
3384, 1312.3198015218995
3385, 1312.3198015218995
3386, 1312.3198015218995
3387, 1312.3198015218995
3388, 1312.3198015218995
3389, 1312.3198015218995
3390, 1312.3198015218995
3391, 1312.3198015218995
3392, 1312.3198015218995
3393, 1312.3198015218995
3394, 1312.3198015218995
3395, 1312.3198015218995
3396, 1312.3198015218995
3397, 1312.3198015218995
3398, 1312.3198015218995
3399, 1312.3198015218995
3400, 1312.3198015218995
3401, 1312.3198015218995
3402, 1312.3198015218995
3403, 1312.3198015218995
3404, 1312.3198015218995
3405, 1312.3198015218995
3406, 1312.3198015218995
3407, 1312.3198015218995
3408, 1312.3198015218995
3409, 1312.3198015218995
3410, 1312.3198015218995
3411, 1312.3198015218995
3412, 1312.3198015218995
3413, 1312.3198015218995
3414, 1312.3198015218995
3415, 1312.3198015218995
3416, 1312.3198015218995
3417, 1312.3198015218995
3418, 1312.3198015218995
3419, 1312.3198015218995
3420, 1312.3198015218995
3421, 1312.3198015218995
3422, 1312.3198015218995
3423, 1312.3198015218995
3424, 1312.3198015218995
3425, 1312.3198015218995
3426, 1312.3198015218995
3427, 1312.3198015218995
3428, 1312.3198015218995
3429, 1312.3198015218995
3430, 1312.3198015218995
3431, 1312.3198015218995
3432, 1312.3198015218995
3433, 1312.3198015218995
3434, 1312.3198015218995
3435, 1312.3198015218995
3436, 1312.3198015218995
3437, 1312.3198015218995
3438, 1312.3198015218995
3439, 1312.3198015218995
3440, 1312.3198015218995
3441, 1312.3198015218995
3442, 1312.3198015218995
3443, 1312.3198015218995
3444, 1312.3198015218995
3445, 1312.3198015218995
3446, 1312.3198015218995
3447, 1312.3198015218995
3448, 1312.3198015218995
3449, 1312.3198015218995
3450, 1312.3198015218995
3451, 1312.3198015218995
3452, 1312.3198015218995
3453, 1312.3198015218995
3454, 1312.3198015218995
3455, 1312.3198015218995
3456, 1312.3198015218995
3457, 1312.3198015218995
3458, 1312.3198015218995
3459, 1312.3198015218995
3460, 1312.3198015218995
3461, 1312.3198015218995
3462, 1312.3198015218995
3463, 1312.3198015218995
3464, 1305.359733811066
3465, 1305.359733811066
3466, 1305.359733811066
3467, 1305.359733811066
3468, 1305.359733811066
3469, 1305.359733811066
3470, 1305.359733811066
3471, 1305.359733811066
3472, 1305.359733811066
3473, 1305.359733811066
3474, 1305.359733811066
3475, 1305.359733811066
3476, 1305.359733811066
3477, 1305.359733811066
3478, 1305.359733811066
3479, 1305.359733811066
3480, 1305.359733811066
3481, 1305.359733811066
3482, 1305.359733811066
3483, 1305.359733811066
3484, 1305.359733811066
3485, 1305.359733811066
3486, 1305.359733811066
3487, 1305.359733811066
3488, 1305.359733811066
3489, 1305.359733811066
3490, 1305.359733811066
3491, 1305.359733811066
3492, 1305.359733811066
3493, 1305.359733811066
3494, 1305.359733811066
3495, 1305.359733811066
3496, 1305.359733811066
3497, 1305.359733811066
3498, 1305.359733811066
3499, 1305.359733811066
3500, 1305.359733811066
3501, 1305.359733811066
3502, 1305.359733811066
3503, 1305.359733811066
3504, 1305.359733811066
3505, 1305.359733811066
3506, 1305.359733811066
3507, 1305.359733811066
3508, 1305.359733811066
3509, 1305.359733811066
3510, 1305.359733811066
3511, 1305.359733811066
3512, 1305.359733811066
3513, 1305.359733811066
3514, 1305.359733811066
3515, 1305.359733811066
3516, 1305.359733811066
3517, 1305.359733811066
3518, 1305.359733811066
3519, 1305.359733811066
3520, 1305.359733811066
3521, 1305.359733811066
3522, 1305.359733811066
3523, 1305.359733811066
3524, 1305.359733811066
3525, 1305.359733811066
3526, 1305.359733811066
3527, 1305.359733811066
3528, 1305.359733811066
3529, 1305.359733811066
3530, 1305.359733811066
3531, 1305.359733811066
3532, 1305.359733811066
3533, 1305.359733811066
3534, 1305.359733811066
3535, 1305.359733811066
3536, 1305.359733811066
3537, 1305.359733811066
3538, 1305.359733811066
3539, 1305.359733811066
3540, 1305.359733811066
3541, 1305.359733811066
3542, 1305.359733811066
3543, 1305.359733811066
3544, 1305.359733811066
3545, 1305.359733811066
3546, 1305.359733811066
3547, 1305.359733811066
3548, 1305.359733811066
3549, 1305.359733811066
3550, 1305.359733811066
3551, 1305.359733811066
3552, 1305.359733811066
3553, 1305.359733811066
3554, 1305.359733811066
3555, 1305.359733811066
3556, 1305.359733811066
3557, 1305.359733811066
3558, 1305.359733811066
3559, 1305.359733811066
3560, 1305.359733811066
3561, 1305.359733811066
3562, 1305.359733811066
3563, 1305.359733811066
3564, 1305.359733811066
3565, 1305.359733811066
3566, 1305.359733811066
3567, 1305.359733811066
3568, 1295.4640967066325
3569, 1295.4640967066325
3570, 1295.4640967066325
3571, 1295.4640967066325
3572, 1295.4640967066325
3573, 1295.4640967066325
3574, 1295.4640967066325
3575, 1295.4640967066325
3576, 1295.4640967066325
3577, 1295.4640967066325
3578, 1295.4640967066325
3579, 1295.4640967066325
3580, 1295.4640967066325
3581, 1295.4640967066325
3582, 1295.4640967066325
3583, 1295.4640967066325
3584, 1295.4640967066325
3585, 1295.4640967066325
3586, 1295.4640967066325
3587, 1295.4640967066325
3588, 1295.4640967066325
3589, 1295.4640967066325
3590, 1295.4640967066325
3591, 1295.4640967066325
3592, 1295.4640967066325
3593, 1293.5101456147743
3594, 1293.5101456147743
3595, 1293.5101456147743
3596, 1293.5101456147743
3597, 1291.0657018606207
3598, 1291.0657018606207
3599, 1291.0657018606207
3600, 1291.0657018606207
3601, 1291.0657018606207
3602, 1291.0657018606207
3603, 1291.0657018606207
3604, 1291.0657018606207
3605, 1291.0657018606207
3606, 1291.0657018606207
3607, 1291.0657018606207
3608, 1291.0657018606207
3609, 1291.0657018606207
3610, 1291.0657018606207
3611, 1291.0657018606207
3612, 1291.0657018606207
3613, 1291.0657018606207
3614, 1291.0657018606207
3615, 1291.0657018606207
3616, 1291.0657018606207
3617, 1291.0657018606207
3618, 1291.0657018606207
3619, 1291.0657018606207
3620, 1291.0657018606207
3621, 1291.0657018606207
3622, 1291.0657018606207
3623, 1291.0657018606207
3624, 1291.0657018606207
3625, 1291.0657018606207
3626, 1291.0657018606207
3627, 1291.0657018606207
3628, 1291.0657018606207
3629, 1291.0657018606207
3630, 1291.0657018606207
3631, 1291.0657018606207
3632, 1291.0657018606207
3633, 1291.0657018606207
3634, 1291.0657018606207
3635, 1291.0657018606207
3636, 1291.0657018606207
3637, 1291.0657018606207
3638, 1291.0657018606207
3639, 1291.0657018606207
3640, 1291.0657018606207
3641, 1291.0657018606207
3642, 1291.0657018606207
3643, 1291.0657018606207
3644, 1291.0657018606207
3645, 1291.0657018606207
3646, 1291.0657018606207
3647, 1291.0657018606207
3648, 1291.0657018606207
3649, 1291.0657018606207
3650, 1291.0657018606207
3651, 1291.0657018606207
3652, 1291.0657018606207
3653, 1291.0657018606207
3654, 1291.0657018606207
3655, 1291.0657018606207
3656, 1291.0657018606207
3657, 1291.0657018606207
3658, 1291.0657018606207
3659, 1291.0657018606207
3660, 1291.0657018606207
3661, 1291.0657018606207
3662, 1291.0657018606207
3663, 1291.0657018606207
3664, 1291.0657018606207
3665, 1291.0657018606207
3666, 1291.0657018606207
3667, 1291.0657018606207
3668, 1291.0657018606207
3669, 1289.6769546878281
3670, 1289.6769546878281
3671, 1289.6769546878281
3672, 1289.6769546878281
3673, 1289.6769546878281
3674, 1289.6769546878281
3675, 1289.6769546878281
3676, 1289.6769546878281
3677, 1289.6769546878281
3678, 1289.6769546878281
3679, 1289.6769546878281
3680, 1289.6769546878281
3681, 1289.6769546878281
3682, 1289.6769546878281
3683, 1289.6769546878281
3684, 1289.6769546878281
3685, 1289.6769546878281
3686, 1289.6769546878281
3687, 1289.6769546878281
3688, 1289.6769546878281
3689, 1289.6769546878281
3690, 1289.6769546878281
3691, 1289.6769546878281
3692, 1289.6769546878281
3693, 1289.6769546878281
3694, 1289.6769546878281
3695, 1289.6769546878281
3696, 1289.6769546878281
3697, 1289.6769546878281
3698, 1289.6769546878281
3699, 1289.6769546878281
3700, 1289.6769546878281
3701, 1289.6769546878281
3702, 1289.6769546878281
3703, 1289.6769546878281
3704, 1289.6769546878281
3705, 1289.6769546878281
3706, 1289.6769546878281
3707, 1289.6769546878281
3708, 1289.6769546878281
3709, 1289.6769546878281
3710, 1289.6769546878281
3711, 1289.6769546878281
3712, 1289.6769546878281
3713, 1289.6769546878281
3714, 1289.6769546878281
3715, 1289.6769546878281
3716, 1289.6769546878281
3717, 1289.6769546878281
3718, 1289.6769546878281
3719, 1289.6769546878281
3720, 1289.6769546878281
3721, 1289.6769546878281
3722, 1289.6769546878281
3723, 1289.6769546878281
3724, 1289.6769546878281
3725, 1289.6769546878281
3726, 1289.6769546878281
3727, 1289.6769546878281
3728, 1289.6769546878281
3729, 1289.6769546878281
3730, 1289.6769546878281
3731, 1289.6769546878281
3732, 1289.6769546878281
3733, 1289.6769546878281
3734, 1289.6769546878281
3735, 1289.6769546878281
3736, 1289.6769546878281
3737, 1289.6769546878281
3738, 1289.6769546878281
3739, 1289.6769546878281
3740, 1289.6769546878281
3741, 1289.6769546878281
3742, 1289.6769546878281
3743, 1289.6769546878281
3744, 1289.6769546878281
3745, 1289.6769546878281
3746, 1289.6769546878281
3747, 1289.6769546878281
3748, 1289.6769546878281
3749, 1289.6769546878281
3750, 1289.6769546878281
3751, 1289.6769546878281
3752, 1289.6769546878281
3753, 1289.6769546878281
3754, 1289.6769546878281
3755, 1289.6769546878281
3756, 1289.6769546878281
3757, 1289.6769546878281
3758, 1289.6769546878281
3759, 1289.6769546878281
3760, 1289.6769546878281
3761, 1289.6769546878281
3762, 1289.6769546878281
3763, 1289.6769546878281
3764, 1289.6769546878281
3765, 1289.6769546878281
3766, 1289.6769546878281
3767, 1289.6769546878281
3768, 1289.6769546878281
3769, 1289.6769546878281
3770, 1289.6769546878281
3771, 1289.6769546878281
3772, 1289.6769546878281
3773, 1289.6769546878281
3774, 1289.6769546878281
3775, 1289.6769546878281
3776, 1289.6769546878281
3777, 1289.6769546878281
3778, 1289.6769546878281
3779, 1289.6769546878281
3780, 1289.6769546878281
3781, 1289.6769546878281
3782, 1289.6769546878281
3783, 1289.6769546878281
3784, 1289.6769546878281
3785, 1289.6769546878281
3786, 1289.6769546878281
3787, 1289.6769546878281
3788, 1289.6769546878281
3789, 1289.6769546878281
3790, 1289.6769546878281
3791, 1289.6769546878281
3792, 1289.6769546878281
3793, 1289.6769546878281
3794, 1289.6769546878281
3795, 1289.6769546878281
3796, 1289.6769546878281
3797, 1289.6769546878281
3798, 1289.6769546878281
3799, 1289.6769546878281
3800, 1289.6769546878281
3801, 1289.6769546878281
3802, 1289.6769546878281
3803, 1289.6769546878281
3804, 1289.6769546878281
3805, 1289.6769546878281
3806, 1289.6769546878281
3807, 1289.6769546878281
3808, 1289.6769546878281
3809, 1289.6769546878281
3810, 1289.6769546878281
3811, 1289.6769546878281
3812, 1289.6769546878281
3813, 1289.6769546878281
3814, 1289.6769546878281
3815, 1289.6769546878281
3816, 1289.6769546878281
3817, 1289.6769546878281
3818, 1289.6769546878281
3819, 1289.6769546878281
3820, 1289.6769546878281
3821, 1289.6769546878281
3822, 1289.6769546878281
3823, 1289.6769546878281
3824, 1286.4143716182198
3825, 1286.4143716182198
3826, 1286.4143716182198
3827, 1286.4143716182198
3828, 1286.4143716182198
3829, 1286.4143716182198
3830, 1286.4143716182198
3831, 1286.4143716182198
3832, 1286.4143716182198
3833, 1286.4143716182198
3834, 1286.4143716182198
3835, 1286.4143716182198
3836, 1286.4143716182198
3837, 1286.4143716182198
3838, 1286.4143716182198
3839, 1286.4143716182198
3840, 1286.4143716182198
3841, 1286.4143716182198
3842, 1286.4143716182198
3843, 1286.4143716182198
3844, 1286.4143716182198
3845, 1286.4143716182198
3846, 1286.4143716182198
3847, 1286.4143716182198
3848, 1286.4143716182198
3849, 1286.4143716182198
3850, 1286.4143716182198
3851, 1286.4143716182198
3852, 1286.4143716182198
3853, 1285.1796497838975
3854, 1285.1796497838975
3855, 1285.1796497838975
3856, 1285.1796497838975
3857, 1285.1796497838975
3858, 1285.1796497838975
3859, 1285.1796497838975
3860, 1285.1796497838975
3861, 1285.1796497838975
3862, 1285.1796497838975
3863, 1285.1796497838975
3864, 1285.1796497838975
3865, 1285.1796497838975
3866, 1285.1796497838975
3867, 1285.1796497838975
3868, 1285.1796497838975
3869, 1285.1796497838975
3870, 1285.1796497838975
3871, 1285.1796497838975
3872, 1285.1796497838975
3873, 1285.1796497838975
3874, 1285.1796497838975
3875, 1285.1796497838975
3876, 1285.1796497838975
3877, 1285.1796497838975
3878, 1285.1796497838975
3879, 1285.1796497838975
3880, 1285.1796497838975
3881, 1285.1796497838975
3882, 1285.1796497838975
3883, 1285.1796497838975
3884, 1285.1796497838975
3885, 1285.1796497838975
3886, 1285.1796497838975
3887, 1285.1796497838975
3888, 1285.1796497838975
3889, 1285.1796497838975
3890, 1285.1796497838975
3891, 1285.1796497838975
3892, 1285.1796497838975
3893, 1285.1796497838975
3894, 1285.1796497838975
3895, 1285.1796497838975
3896, 1285.1796497838975
3897, 1285.1796497838975
3898, 1285.1796497838975
3899, 1285.1796497838975
3900, 1285.1796497838975
3901, 1285.1796497838975
3902, 1285.1796497838975
3903, 1285.1796497838975
3904, 1285.1796497838975
3905, 1285.1796497838975
3906, 1285.1796497838975
3907, 1285.1796497838975
3908, 1285.1796497838975
3909, 1285.1796497838975
3910, 1285.1796497838975
3911, 1285.1796497838975
3912, 1285.1796497838975
3913, 1285.1796497838975
3914, 1285.1796497838975
3915, 1285.1796497838975
3916, 1285.1796497838975
3917, 1285.1796497838975
3918, 1285.1796497838975
3919, 1285.1796497838975
3920, 1285.1796497838975
3921, 1285.1796497838975
3922, 1284.733507564958
3923, 1284.733507564958
3924, 1284.733507564958
3925, 1284.733507564958
3926, 1284.733507564958
3927, 1284.733507564958
3928, 1284.733507564958
3929, 1284.733507564958
3930, 1284.733507564958
3931, 1284.733507564958
3932, 1284.733507564958
3933, 1284.733507564958
3934, 1284.733507564958
3935, 1284.733507564958
3936, 1284.733507564958
3937, 1284.733507564958
3938, 1284.733507564958
3939, 1284.733507564958
3940, 1284.733507564958
3941, 1284.733507564958
3942, 1284.733507564958
3943, 1284.733507564958
3944, 1284.733507564958
3945, 1284.733507564958
3946, 1284.733507564958
3947, 1284.733507564958
3948, 1284.733507564958
3949, 1284.733507564958
3950, 1284.733507564958
3951, 1284.733507564958
3952, 1284.733507564958
3953, 1284.733507564958
3954, 1284.733507564958
3955, 1284.733507564958
3956, 1284.733507564958
3957, 1284.733507564958
3958, 1284.733507564958
3959, 1284.733507564958
3960, 1284.733507564958
3961, 1284.733507564958
3962, 1284.733507564958
3963, 1284.733507564958
3964, 1284.733507564958
3965, 1284.733507564958
3966, 1284.733507564958
3967, 1284.733507564958
3968, 1284.733507564958
3969, 1284.733507564958
3970, 1284.733507564958
3971, 1284.733507564958
3972, 1284.733507564958
3973, 1284.733507564958
3974, 1284.733507564958
3975, 1284.733507564958
3976, 1284.733507564958
3977, 1284.733507564958
3978, 1284.733507564958
3979, 1284.733507564958
3980, 1284.733507564958
3981, 1284.733507564958
3982, 1284.733507564958
3983, 1284.733507564958
3984, 1284.733507564958
3985, 1284.733507564958
3986, 1284.733507564958
3987, 1284.733507564958
3988, 1284.733507564958
3989, 1284.733507564958
3990, 1284.733507564958
3991, 1284.733507564958
3992, 1284.733507564958
3993, 1284.733507564958
3994, 1284.733507564958
3995, 1284.733507564958
3996, 1284.733507564958
3997, 1284.733507564958
3998, 1284.733507564958
3999, 1284.733507564958
4000, 1284.733507564958
4001, 1284.733507564958
4002, 1284.733507564958
4003, 1284.733507564958
4004, 1284.733507564958
4005, 1284.733507564958
4006, 1284.733507564958
4007, 1284.733507564958
4008, 1284.733507564958
4009, 1284.733507564958
4010, 1284.733507564958
4011, 1284.733507564958
4012, 1284.733507564958
4013, 1284.733507564958
4014, 1284.733507564958
4015, 1284.733507564958
4016, 1284.733507564958
4017, 1284.733507564958
4018, 1284.733507564958
4019, 1284.733507564958
4020, 1284.733507564958
4021, 1284.733507564958
4022, 1284.733507564958
4023, 1284.733507564958
4024, 1284.0802588870083
4025, 1284.0802588870083
4026, 1284.0802588870083
4027, 1284.0802588870083
4028, 1284.0802588870083
4029, 1284.0802588870083
4030, 1284.0802588870083
4031, 1284.0802588870083
4032, 1284.0802588870083
4033, 1284.0802588870083
4034, 1284.0802588870083
4035, 1284.0802588870083
4036, 1284.0802588870083
4037, 1284.0802588870083
4038, 1284.0802588870083
4039, 1284.0802588870083
4040, 1284.0802588870083
4041, 1284.0802588870083
4042, 1284.0802588870083
4043, 1284.0802588870083
4044, 1284.0802588870083
4045, 1284.0802588870083
4046, 1284.0802588870083
4047, 1284.0802588870083
4048, 1284.0802588870083
4049, 1284.0802588870083
4050, 1284.0802588870083
4051, 1284.0802588870083
4052, 1284.0802588870083
4053, 1284.0802588870083
4054, 1284.0802588870083
4055, 1284.0802588870083
4056, 1284.0802588870083
4057, 1284.0802588870083
4058, 1284.0802588870083
4059, 1284.0802588870083
4060, 1284.0802588870083
4061, 1284.0802588870083
4062, 1284.0802588870083
4063, 1284.0802588870083
4064, 1284.0802588870083
4065, 1284.0802588870083
4066, 1284.0802588870083
4067, 1284.0802588870083
4068, 1284.0802588870083
4069, 1284.0802588870083
4070, 1284.0802588870083
4071, 1284.0802588870083
4072, 1284.0802588870083
4073, 1284.0802588870083
4074, 1284.0802588870083
4075, 1284.0802588870083
4076, 1284.0802588870083
4077, 1284.0802588870083
4078, 1284.0802588870083
4079, 1284.0802588870083
4080, 1284.0802588870083
4081, 1284.0802588870083
4082, 1284.0802588870083
4083, 1284.0802588870083
4084, 1284.0802588870083
4085, 1284.0802588870083
4086, 1284.0802588870083
4087, 1284.0802588870083
4088, 1284.0802588870083
4089, 1284.0802588870083
4090, 1284.0802588870083
4091, 1284.0802588870083
4092, 1284.0802588870083
4093, 1284.0802588870083
4094, 1284.0802588870083
4095, 1284.0802588870083
4096, 1284.0802588870083
4097, 1284.0802588870083
4098, 1284.0802588870083
4099, 1284.0802588870083
4100, 1284.0802588870083
4101, 1284.0802588870083
4102, 1284.0802588870083
4103, 1284.0802588870083
4104, 1284.0802588870083
4105, 1284.0802588870083
4106, 1284.0802588870083
4107, 1284.0802588870083
4108, 1284.0802588870083
4109, 1284.0802588870083
4110, 1284.0802588870083
4111, 1284.0802588870083
4112, 1284.0802588870083
4113, 1284.0802588870083
4114, 1284.0802588870083
4115, 1284.0802588870083
4116, 1284.0802588870083
4117, 1284.0802588870083
4118, 1284.0802588870083
4119, 1284.0802588870083
4120, 1284.0802588870083
4121, 1284.0802588870083
4122, 1284.0802588870083
4123, 1284.0802588870083
4124, 1284.0802588870083
4125, 1284.0802588870083
4126, 1284.0802588870083
4127, 1284.0802588870083
4128, 1284.0802588870083
4129, 1284.0802588870083
4130, 1284.0802588870083
4131, 1284.0802588870083
4132, 1284.0802588870083
4133, 1284.0802588870083
4134, 1284.0802588870083
4135, 1284.0802588870083
4136, 1284.0802588870083
4137, 1284.0802588870083
4138, 1284.0802588870083
4139, 1284.0802588870083
4140, 1284.0802588870083
4141, 1284.0802588870083
4142, 1284.0802588870083
4143, 1284.0802588870083
4144, 1281.3086019512657
4145, 1281.3086019512657
4146, 1281.3086019512657
4147, 1281.3086019512657
4148, 1281.3086019512657
4149, 1281.3086019512657
4150, 1281.3086019512657
4151, 1281.3086019512657
4152, 1281.3086019512657
4153, 1281.3086019512657
4154, 1281.3086019512657
4155, 1281.3086019512657
4156, 1281.3086019512657
4157, 1281.3086019512657
4158, 1281.3086019512657
4159, 1281.3086019512657
4160, 1281.3086019512657
4161, 1281.3086019512657
4162, 1281.3086019512657
4163, 1281.3086019512657
4164, 1281.3086019512657
4165, 1281.3086019512657
4166, 1281.3086019512657
4167, 1281.3086019512657
4168, 1281.3086019512657
4169, 1281.3086019512657
4170, 1281.3086019512657
4171, 1281.3086019512657
4172, 1281.3086019512657
4173, 1281.3086019512657
4174, 1281.3086019512657
4175, 1281.3086019512657
4176, 1281.3086019512657
4177, 1281.3086019512657
4178, 1281.3086019512657
4179, 1281.3086019512657
4180, 1281.3086019512657
4181, 1281.3086019512657
4182, 1281.3086019512657
4183, 1281.3086019512657
4184, 1281.3086019512657
4185, 1281.3086019512657
4186, 1281.3086019512657
4187, 1281.3086019512657
4188, 1281.3086019512657
4189, 1281.3086019512657
4190, 1281.3086019512657
4191, 1281.3086019512657
4192, 1281.3086019512657
4193, 1281.3086019512657
4194, 1281.3086019512657
4195, 1281.3086019512657
4196, 1281.3086019512657
4197, 1281.3086019512657
4198, 1281.3086019512657
4199, 1281.3086019512657
4200, 1281.3086019512657
4201, 1281.3086019512657
4202, 1281.3086019512657
4203, 1281.3086019512657
4204, 1281.3086019512657
4205, 1281.3086019512657
4206, 1281.3086019512657
4207, 1281.3086019512657
4208, 1281.3086019512657
4209, 1281.3086019512657
4210, 1281.3086019512657
4211, 1281.3086019512657
4212, 1281.3086019512657
4213, 1281.3086019512657
4214, 1281.3086019512657
4215, 1281.3086019512657
4216, 1281.3086019512657
4217, 1281.3086019512657
4218, 1281.3086019512657
4219, 1281.3086019512657
4220, 1281.3086019512657
4221, 1281.3086019512657
4222, 1281.3086019512657
4223, 1281.3086019512657
4224, 1281.3086019512657
4225, 1281.3086019512657
4226, 1281.3086019512657
4227, 1281.3086019512657
4228, 1281.3086019512657
4229, 1281.3086019512657
4230, 1281.3086019512657
4231, 1281.3086019512657
4232, 1281.3086019512657
4233, 1281.3086019512657
4234, 1281.3086019512657
4235, 1281.3086019512657
4236, 1281.3086019512657
4237, 1281.3086019512657
4238, 1281.3086019512657
4239, 1281.3086019512657
4240, 1281.3086019512657
4241, 1281.3086019512657
4242, 1281.3086019512657
4243, 1281.3086019512657
4244, 1281.3086019512657
4245, 1281.3086019512657
4246, 1281.3086019512657
4247, 1281.3086019512657
4248, 1281.3086019512657
4249, 1281.3086019512657
4250, 1281.3086019512657
4251, 1281.3086019512657
4252, 1281.3086019512657
4253, 1281.3086019512657
4254, 1281.3086019512657
4255, 1281.3086019512657
4256, 1281.3086019512657
4257, 1281.3086019512657
4258, 1281.3086019512657
4259, 1281.3086019512657
4260, 1281.3086019512657
4261, 1281.3086019512657
4262, 1281.3086019512657
4263, 1281.3086019512657
4264, 1281.3086019512657
4265, 1281.3086019512657
4266, 1281.3086019512657
4267, 1281.3086019512657
4268, 1281.3086019512657
4269, 1281.3086019512657
4270, 1281.3086019512657
4271, 1281.3086019512657
4272, 1281.3086019512657
4273, 1281.3086019512657
4274, 1281.3086019512657
4275, 1281.3086019512657
4276, 1281.3086019512657
4277, 1281.3086019512657
4278, 1281.3086019512657
4279, 1281.3086019512657
4280, 1281.3086019512657
4281, 1281.3086019512657
4282, 1281.3086019512657
4283, 1281.3086019512657
4284, 1281.3086019512657
4285, 1281.3086019512657
4286, 1281.3086019512657
4287, 1281.3086019512657
4288, 1281.3086019512657
4289, 1281.3086019512657
4290, 1281.3086019512657
4291, 1281.3086019512657
4292, 1281.3086019512657
4293, 1281.3086019512657
4294, 1281.3086019512657
4295, 1281.3086019512657
4296, 1281.3086019512657
4297, 1281.3086019512657
4298, 1281.3086019512657
4299, 1281.3086019512657
4300, 1281.3086019512657
4301, 1281.3086019512657
4302, 1281.3086019512657
4303, 1281.3086019512657
4304, 1281.3086019512657
4305, 1281.3086019512657
4306, 1281.3086019512657
4307, 1281.3086019512657
4308, 1281.3086019512657
4309, 1281.3086019512657
4310, 1281.3086019512657
4311, 1281.3086019512657
4312, 1281.3086019512657
4313, 1281.3086019512657
4314, 1281.3086019512657
4315, 1281.3086019512657
4316, 1281.3086019512657
4317, 1281.3086019512657
4318, 1281.3086019512657
4319, 1281.3086019512657
4320, 1281.3086019512657
4321, 1281.3086019512657
4322, 1281.3086019512657
4323, 1281.3086019512657
4324, 1281.3086019512657
4325, 1281.3086019512657
4326, 1281.3086019512657
4327, 1281.3086019512657
4328, 1281.3086019512657
4329, 1281.3086019512657
4330, 1281.3086019512657
4331, 1281.3086019512657
4332, 1281.3086019512657
4333, 1281.3086019512657
4334, 1281.3086019512657
4335, 1281.3086019512657
4336, 1281.3086019512657
4337, 1281.3086019512657
4338, 1281.3086019512657
4339, 1281.3086019512657
4340, 1281.3086019512657
4341, 1281.3086019512657
4342, 1281.3086019512657
4343, 1281.3086019512657
4344, 1281.3086019512657
4345, 1281.3086019512657
4346, 1281.3086019512657
4347, 1281.3086019512657
4348, 1281.3086019512657
4349, 1281.3086019512657
4350, 1281.3086019512657
4351, 1281.3086019512657
4352, 1281.3086019512657
4353, 1281.3086019512657
4354, 1281.3086019512657
4355, 1281.3086019512657
4356, 1281.3086019512657
4357, 1281.3086019512657
4358, 1281.3086019512657
4359, 1281.3086019512657
4360, 1281.3086019512657
4361, 1281.3086019512657
4362, 1281.3086019512657
4363, 1281.3086019512657
4364, 1281.3086019512657
4365, 1281.3086019512657
4366, 1281.3086019512657
4367, 1281.3086019512657
4368, 1281.3086019512657
4369, 1281.3086019512657
4370, 1281.3086019512657
4371, 1281.3086019512657
4372, 1281.3086019512657
4373, 1281.3086019512657
4374, 1281.3086019512657
4375, 1281.3086019512657
4376, 1281.3086019512657
4377, 1281.3086019512657
4378, 1281.3086019512657
4379, 1281.3086019512657
4380, 1281.3086019512657
4381, 1281.3086019512657
4382, 1281.3086019512657
4383, 1281.3086019512657
4384, 1281.3086019512657
4385, 1281.3086019512657
4386, 1281.3086019512657
4387, 1281.3086019512657
4388, 1281.3086019512657
4389, 1281.3086019512657
4390, 1281.3086019512657
4391, 1281.3086019512657
4392, 1281.3086019512657
4393, 1281.3086019512657
4394, 1281.3086019512657
4395, 1281.3086019512657
4396, 1281.3086019512657
4397, 1281.3086019512657
4398, 1281.3086019512657
4399, 1281.3086019512657
4400, 1281.3086019512657
4401, 1281.3086019512657
4402, 1281.3086019512657
4403, 1281.3086019512657
4404, 1281.3086019512657
4405, 1281.3086019512657
4406, 1281.3086019512657
4407, 1281.3086019512657
4408, 1281.3086019512657
4409, 1281.3086019512657
4410, 1281.3086019512657
4411, 1281.3086019512657
4412, 1281.3086019512657
4413, 1281.3086019512657
4414, 1281.3086019512657
4415, 1281.3086019512657
4416, 1281.3086019512657
4417, 1281.3086019512657
4418, 1281.3086019512657
4419, 1281.3086019512657
4420, 1281.3086019512657
4421, 1281.3086019512657
4422, 1281.3086019512657
4423, 1281.3086019512657
4424, 1281.3086019512657
4425, 1281.3086019512657
4426, 1281.3086019512657
4427, 1281.3086019512657
4428, 1281.3086019512657
4429, 1281.3086019512657
4430, 1281.3086019512657
4431, 1281.3086019512657
4432, 1281.3086019512657
4433, 1281.3086019512657
4434, 1281.3086019512657
4435, 1281.3086019512657
4436, 1281.3086019512657
4437, 1281.3086019512657
4438, 1281.3086019512657
4439, 1281.3086019512657
4440, 1281.3086019512657
4441, 1281.3086019512657
4442, 1281.3086019512657
4443, 1281.3086019512657
4444, 1281.3086019512657
4445, 1281.3086019512657
4446, 1281.3086019512657
4447, 1281.3086019512657
4448, 1281.3086019512657
4449, 1281.3086019512657
4450, 1281.3086019512657
4451, 1281.3086019512657
4452, 1281.3086019512657
4453, 1281.3086019512657
4454, 1281.3086019512657
4455, 1281.3086019512657
4456, 1281.3086019512657
4457, 1281.3086019512657
4458, 1281.3086019512657
4459, 1281.3086019512657
4460, 1281.3086019512657
4461, 1281.3086019512657
4462, 1281.3086019512657
4463, 1281.3086019512657
4464, 1281.3086019512657
4465, 1281.3086019512657
4466, 1281.3086019512657
4467, 1281.3086019512657
4468, 1281.3086019512657
4469, 1281.3086019512657
4470, 1281.3086019512657
4471, 1281.3086019512657
4472, 1281.3086019512657
4473, 1281.3086019512657
4474, 1281.3086019512657
4475, 1281.3086019512657
4476, 1281.3086019512657
4477, 1281.3086019512657
4478, 1281.3086019512657
4479, 1281.3086019512657
4480, 1281.3086019512657
4481, 1281.3086019512657
4482, 1281.3086019512657
4483, 1281.3086019512657
4484, 1281.3086019512657
4485, 1281.3086019512657
4486, 1281.3086019512657
4487, 1281.3086019512657
4488, 1281.3086019512657
4489, 1281.3086019512657
4490, 1281.3086019512657
4491, 1281.3086019512657
4492, 1281.3086019512657
4493, 1281.3086019512657
4494, 1281.3086019512657
4495, 1281.3086019512657
4496, 1281.3086019512657
4497, 1281.3086019512657
4498, 1281.3086019512657
4499, 1280.497310987558
4500, 1280.497310987558
4501, 1280.497310987558
4502, 1280.497310987558
4503, 1280.497310987558
4504, 1280.497310987558
4505, 1280.497310987558
4506, 1280.497310987558
4507, 1280.497310987558
4508, 1280.497310987558
4509, 1280.497310987558
4510, 1280.497310987558
4511, 1280.497310987558
4512, 1280.497310987558
4513, 1280.497310987558
4514, 1280.497310987558
4515, 1280.497310987558
4516, 1280.497310987558
4517, 1280.497310987558
4518, 1280.497310987558
4519, 1280.497310987558
4520, 1280.497310987558
4521, 1280.497310987558
4522, 1280.497310987558
4523, 1280.497310987558
4524, 1280.497310987558
4525, 1280.497310987558
4526, 1278.9213327396048
4527, 1278.9213327396048
4528, 1278.9213327396048
4529, 1278.9213327396048
4530, 1278.9213327396048
4531, 1278.9213327396048
4532, 1278.9213327396048
4533, 1278.9213327396048
4534, 1278.9213327396048
4535, 1278.9213327396048
4536, 1278.9213327396048
4537, 1278.9213327396048
4538, 1278.9213327396048
4539, 1278.9213327396048
4540, 1278.9213327396048
4541, 1278.9213327396048
4542, 1278.9213327396048
4543, 1278.9213327396048
4544, 1278.9213327396048
4545, 1278.9213327396048
4546, 1278.9213327396048
4547, 1278.9213327396048
4548, 1278.9213327396048
4549, 1278.9213327396048
4550, 1278.9213327396048
4551, 1278.9213327396048
4552, 1278.9213327396048
4553, 1278.9213327396048
4554, 1278.9213327396048
4555, 1278.9213327396048
4556, 1278.9213327396048
4557, 1278.9213327396048
4558, 1278.9213327396048
4559, 1278.9213327396048
4560, 1278.9213327396048
4561, 1278.9213327396048
4562, 1278.9213327396048
4563, 1278.9213327396048
4564, 1278.9213327396048
4565, 1278.9213327396048
4566, 1278.9213327396048
4567, 1278.9213327396048
4568, 1278.9213327396048
4569, 1278.9213327396048
4570, 1278.9213327396048
4571, 1278.9213327396048
4572, 1278.9213327396048
4573, 1278.9213327396048
4574, 1278.9213327396048
4575, 1278.9213327396048
4576, 1278.9213327396048
4577, 1278.9213327396048
4578, 1278.9213327396048
4579, 1278.9213327396048
4580, 1278.9213327396048
4581, 1278.9213327396048
4582, 1278.9213327396048
4583, 1278.9213327396048
4584, 1278.9213327396048
4585, 1278.9213327396048
4586, 1278.9213327396048
4587, 1278.9213327396048
4588, 1278.9213327396048
4589, 1278.9213327396048
4590, 1278.9213327396048
4591, 1278.9213327396048
4592, 1278.9213327396048
4593, 1278.9213327396048
4594, 1278.9213327396048
4595, 1278.9213327396048
4596, 1278.9213327396048
4597, 1278.9213327396048
4598, 1278.9213327396048
4599, 1278.9213327396048
4600, 1278.9213327396048
4601, 1278.9213327396048
4602, 1278.9213327396048
4603, 1278.9213327396048
4604, 1278.9213327396048
4605, 1278.9213327396048
4606, 1278.9213327396048
4607, 1278.9213327396048
4608, 1278.9213327396048
4609, 1278.9213327396048
4610, 1278.9213327396048
4611, 1278.9213327396048
4612, 1278.9213327396048
4613, 1278.9213327396048
4614, 1278.9213327396048
4615, 1278.9213327396048
4616, 1278.9213327396048
4617, 1278.9213327396048
4618, 1278.9213327396048
4619, 1278.9213327396048
4620, 1278.9213327396048
4621, 1278.9213327396048
4622, 1278.9213327396048
4623, 1278.9213327396048
4624, 1278.9213327396048
4625, 1278.9213327396048
4626, 1278.9213327396048
4627, 1278.9213327396048
4628, 1278.9213327396048
4629, 1278.9213327396048
4630, 1278.9213327396048
4631, 1278.9213327396048
4632, 1278.9213327396048
4633, 1278.9213327396048
4634, 1278.9213327396048
4635, 1278.9213327396048
4636, 1278.9213327396048
4637, 1278.9213327396048
4638, 1278.9213327396048
4639, 1278.9213327396048
4640, 1278.9213327396048
4641, 1278.9213327396048
4642, 1278.9213327396048
4643, 1278.9213327396048
4644, 1278.9213327396048
4645, 1278.9213327396048
4646, 1278.9213327396048
4647, 1278.9213327396048
4648, 1278.9213327396048
4649, 1278.9213327396048
4650, 1278.9213327396048
4651, 1278.9213327396048
4652, 1278.9213327396048
4653, 1278.9213327396048
4654, 1278.9213327396048
4655, 1278.9213327396048
4656, 1278.9213327396048
4657, 1278.9213327396048
4658, 1266.5048052181053
4659, 1266.5048052181053
4660, 1266.5048052181053
4661, 1266.5048052181053
4662, 1266.5048052181053
4663, 1266.5048052181053
4664, 1266.5048052181053
4665, 1266.5048052181053
4666, 1266.5048052181053
4667, 1266.5048052181053
4668, 1266.5048052181053
4669, 1266.5048052181053
4670, 1266.5048052181053
4671, 1266.5048052181053
4672, 1266.5048052181053
4673, 1266.5048052181053
4674, 1266.5048052181053
4675, 1266.5048052181053
4676, 1266.5048052181053
4677, 1266.5048052181053
4678, 1266.5048052181053
4679, 1266.5048052181053
4680, 1266.5048052181053
4681, 1266.5048052181053
4682, 1266.5048052181053
4683, 1266.5048052181053
4684, 1266.5048052181053
4685, 1266.5048052181053
4686, 1266.5048052181053
4687, 1266.5048052181053
4688, 1266.5048052181053
4689, 1266.5048052181053
4690, 1266.5048052181053
4691, 1266.5048052181053
4692, 1266.5048052181053
4693, 1266.5048052181053
4694, 1266.5048052181053
4695, 1266.5048052181053
4696, 1266.5048052181053
4697, 1266.5048052181053
4698, 1266.5048052181053
4699, 1266.5048052181053
4700, 1266.5048052181053
4701, 1266.5048052181053
4702, 1266.5048052181053
4703, 1266.5048052181053
4704, 1266.5048052181053
4705, 1266.5048052181053
4706, 1266.5048052181053
4707, 1266.5048052181053
4708, 1266.5048052181053
4709, 1266.5048052181053
4710, 1266.5048052181053
4711, 1266.5048052181053
4712, 1266.5048052181053
4713, 1266.5048052181053
4714, 1266.5048052181053
4715, 1266.5048052181053
4716, 1266.5048052181053
4717, 1266.5048052181053
4718, 1266.5048052181053
4719, 1266.5048052181053
4720, 1266.5048052181053
4721, 1266.5048052181053
4722, 1266.5048052181053
4723, 1266.5048052181053
4724, 1266.5048052181053
4725, 1266.5048052181053
4726, 1266.5048052181053
4727, 1266.5048052181053
4728, 1266.5048052181053
4729, 1266.5048052181053
4730, 1266.5048052181053
4731, 1266.5048052181053
4732, 1266.5048052181053
4733, 1266.5048052181053
4734, 1266.5048052181053
4735, 1266.5048052181053
4736, 1266.5048052181053
4737, 1266.5048052181053
4738, 1266.5048052181053
4739, 1266.5048052181053
4740, 1266.5048052181053
4741, 1266.5048052181053
4742, 1266.5048052181053
4743, 1266.5048052181053
4744, 1266.5048052181053
4745, 1266.5048052181053
4746, 1266.5048052181053
4747, 1266.5048052181053
4748, 1266.5048052181053
4749, 1266.5048052181053
4750, 1266.5048052181053
4751, 1266.5048052181053
4752, 1266.5048052181053
4753, 1266.5048052181053
4754, 1266.5048052181053
4755, 1266.5048052181053
4756, 1266.5048052181053
4757, 1266.5048052181053
4758, 1266.5048052181053
4759, 1266.5048052181053
4760, 1266.5048052181053
4761, 1266.5048052181053
4762, 1266.5048052181053
4763, 1266.5048052181053
4764, 1266.5048052181053
4765, 1266.5048052181053
4766, 1266.5048052181053
4767, 1266.5048052181053
4768, 1266.5048052181053
4769, 1266.5048052181053
4770, 1266.5048052181053
4771, 1266.5048052181053
4772, 1266.5048052181053
4773, 1266.5048052181053
4774, 1266.5048052181053
4775, 1266.5048052181053
4776, 1266.5048052181053
4777, 1266.5048052181053
4778, 1266.5048052181053
4779, 1266.5048052181053
4780, 1266.5048052181053
4781, 1252.5696248784532
4782, 1252.5696248784532
4783, 1252.5696248784532
4784, 1252.5696248784532
4785, 1252.5696248784532
4786, 1252.5696248784532
4787, 1252.5696248784532
4788, 1252.5696248784532
4789, 1252.5696248784532
4790, 1252.5696248784532
4791, 1252.5696248784532
4792, 1252.5696248784532
4793, 1252.5696248784532
4794, 1252.5696248784532
4795, 1252.5696248784532
4796, 1252.5696248784532
4797, 1252.5696248784532
4798, 1252.5696248784532
4799, 1252.5696248784532
4800, 1252.5696248784532
4801, 1252.5696248784532
4802, 1249.5884578122123
4803, 1249.5884578122123
4804, 1249.5884578122123
4805, 1249.5884578122123
4806, 1249.5884578122123
4807, 1249.5884578122123
4808, 1249.5884578122123
4809, 1249.5884578122123
4810, 1249.5884578122123
4811, 1249.5884578122123
4812, 1249.5884578122123
4813, 1249.5884578122123
4814, 1249.5884578122123
4815, 1249.5884578122123
4816, 1249.5884578122123
4817, 1249.5884578122123
4818, 1249.5884578122123
4819, 1249.5884578122123
4820, 1249.5884578122123
4821, 1249.5884578122123
4822, 1249.5884578122123
4823, 1249.5884578122123
4824, 1249.5884578122123
4825, 1249.5884578122123
4826, 1249.5884578122123
4827, 1249.5884578122123
4828, 1249.5884578122123
4829, 1249.5884578122123
4830, 1249.5884578122123
4831, 1249.5884578122123
4832, 1249.5884578122123
4833, 1249.5884578122123
4834, 1249.5884578122123
4835, 1249.5884578122123
4836, 1249.5884578122123
4837, 1249.5884578122123
4838, 1249.5884578122123
4839, 1249.5884578122123
4840, 1249.5884578122123
4841, 1249.5884578122123
4842, 1249.5884578122123
4843, 1249.5884578122123
4844, 1249.5884578122123
4845, 1249.5884578122123
4846, 1249.5884578122123
4847, 1249.5884578122123
4848, 1249.5884578122123
4849, 1249.5884578122123
4850, 1249.5884578122123
4851, 1249.5884578122123
4852, 1249.5884578122123
4853, 1249.5884578122123
4854, 1249.5884578122123
4855, 1249.5884578122123
4856, 1249.5884578122123
4857, 1249.5884578122123
4858, 1249.5884578122123
4859, 1249.5884578122123
4860, 1249.5884578122123
4861, 1249.5884578122123
4862, 1249.5884578122123
4863, 1249.5884578122123
4864, 1249.5884578122123
4865, 1249.5884578122123
4866, 1249.5884578122123
4867, 1249.5884578122123
4868, 1249.5884578122123
4869, 1249.5884578122123
4870, 1249.5884578122123
4871, 1249.5884578122123
4872, 1249.5884578122123
4873, 1249.5884578122123
4874, 1249.5884578122123
4875, 1249.5884578122123
4876, 1249.5884578122123
4877, 1249.5884578122123
4878, 1249.5884578122123
4879, 1249.5884578122123
4880, 1249.5884578122123
4881, 1249.5884578122123
4882, 1249.5884578122123
4883, 1249.5884578122123
4884, 1249.5884578122123
4885, 1249.5884578122123
4886, 1249.5884578122123
4887, 1249.5884578122123
4888, 1249.5884578122123
4889, 1249.5884578122123
4890, 1249.5884578122123
4891, 1249.5884578122123
4892, 1249.5884578122123
4893, 1249.5884578122123
4894, 1249.5884578122123
4895, 1249.5884578122123
4896, 1249.5884578122123
4897, 1249.5884578122123
4898, 1249.5884578122123
4899, 1249.5884578122123
4900, 1249.5884578122123
4901, 1249.5884578122123
4902, 1249.5884578122123
4903, 1249.5884578122123
4904, 1249.5884578122123
4905, 1249.5884578122123
4906, 1249.5884578122123
4907, 1249.5884578122123
4908, 1249.5884578122123
4909, 1249.5884578122123
4910, 1249.5884578122123
4911, 1249.5884578122123
4912, 1249.5884578122123
4913, 1249.5884578122123
4914, 1249.5884578122123
4915, 1249.5884578122123
4916, 1249.5884578122123
4917, 1249.5884578122123
4918, 1249.5884578122123
4919, 1249.5884578122123
4920, 1249.5884578122123
4921, 1249.5884578122123
4922, 1249.5884578122123
4923, 1249.5884578122123
4924, 1249.5884578122123
4925, 1249.5884578122123
4926, 1249.5884578122123
4927, 1249.5884578122123
4928, 1249.5884578122123
4929, 1249.5884578122123
4930, 1249.5884578122123
4931, 1249.5884578122123
4932, 1249.5884578122123
4933, 1249.5884578122123
4934, 1249.5884578122123
4935, 1249.5884578122123
4936, 1249.5884578122123
4937, 1249.5884578122123
4938, 1249.5884578122123
4939, 1249.5884578122123
4940, 1249.5884578122123
4941, 1249.5884578122123
4942, 1249.5884578122123
4943, 1249.5884578122123
4944, 1249.5884578122123
4945, 1249.5884578122123
4946, 1249.5884578122123
4947, 1249.5884578122123
4948, 1249.5884578122123
4949, 1249.5884578122123
4950, 1249.5884578122123
4951, 1249.5884578122123
4952, 1249.5884578122123
4953, 1249.5884578122123
4954, 1249.5884578122123
4955, 1249.5884578122123
4956, 1249.5884578122123
4957, 1249.5884578122123
4958, 1249.5884578122123
4959, 1249.5884578122123
4960, 1249.5884578122123
4961, 1249.5884578122123
4962, 1249.5884578122123
4963, 1249.5884578122123
4964, 1249.5884578122123
4965, 1249.5884578122123
4966, 1249.5884578122123
4967, 1249.5884578122123
4968, 1249.5884578122123
4969, 1249.5884578122123
4970, 1249.5884578122123
4971, 1249.5884578122123
4972, 1249.5884578122123
4973, 1249.5884578122123
4974, 1249.5884578122123
4975, 1249.5884578122123
4976, 1249.5884578122123
4977, 1249.5884578122123
4978, 1249.5884578122123
4979, 1249.5884578122123
4980, 1249.5884578122123
4981, 1249.5884578122123
4982, 1249.5884578122123
4983, 1249.5884578122123
4984, 1249.5884578122123
4985, 1249.5884578122123
4986, 1249.5884578122123
4987, 1249.5884578122123
4988, 1249.5884578122123
4989, 1249.5884578122123
4990, 1249.5884578122123
4991, 1249.5884578122123
4992, 1249.5884578122123
4993, 1249.5884578122123
4994, 1249.5884578122123
4995, 1249.5884578122123
4996, 1249.5884578122123
4997, 1249.5884578122123
4998, 1249.5884578122123
4999, 1249.5884578122123
5000, 1249.5884578122123
5001, 1249.5884578122123
5002, 1249.5884578122123
5003, 1249.5884578122123
5004, 1249.5884578122123
5005, 1249.5884578122123
5006, 1249.5884578122123
5007, 1249.5884578122123
5008, 1249.5884578122123
5009, 1249.5884578122123
5010, 1249.5884578122123
5011, 1249.5884578122123
5012, 1249.5884578122123
5013, 1249.5884578122123
5014, 1249.5884578122123
5015, 1249.5884578122123
5016, 1249.5884578122123
5017, 1249.5884578122123
5018, 1249.5884578122123
5019, 1249.5884578122123
5020, 1249.5884578122123
5021, 1249.5884578122123
5022, 1249.5884578122123
5023, 1249.5884578122123
5024, 1249.5884578122123
5025, 1249.5884578122123
5026, 1249.5884578122123
5027, 1249.5884578122123
5028, 1249.5884578122123
5029, 1249.5884578122123
5030, 1249.5884578122123
5031, 1249.5884578122123
5032, 1249.5884578122123
5033, 1249.5884578122123
5034, 1249.5884578122123
5035, 1249.5884578122123
5036, 1249.5884578122123
5037, 1249.5884578122123
5038, 1249.5884578122123
5039, 1249.5884578122123
5040, 1249.5884578122123
5041, 1249.5884578122123
5042, 1249.5884578122123
5043, 1249.5884578122123
5044, 1249.5884578122123
5045, 1234.4290873543744
5046, 1234.4290873543744
5047, 1234.4290873543744
5048, 1234.4290873543744
5049, 1234.4290873543744
5050, 1234.4290873543744
5051, 1234.4290873543744
5052, 1234.4290873543744
5053, 1234.4290873543744
5054, 1234.4290873543744
5055, 1234.4290873543744
5056, 1234.4290873543744
5057, 1234.4290873543744
5058, 1234.4290873543744
5059, 1234.4290873543744
5060, 1234.4290873543744
5061, 1234.4290873543744
5062, 1234.4290873543744
5063, 1234.4290873543744
5064, 1234.4290873543744
5065, 1234.4290873543744
5066, 1234.4290873543744
5067, 1234.4290873543744
5068, 1234.4290873543744
5069, 1234.4290873543744
5070, 1234.4290873543744
5071, 1234.4290873543744
5072, 1234.4290873543744
5073, 1230.2802425517448
5074, 1230.2802425517448
5075, 1230.2802425517448
5076, 1230.2802425517448
5077, 1230.2802425517448
5078, 1230.2802425517448
5079, 1230.2802425517448
5080, 1230.2802425517448
5081, 1230.2802425517448
5082, 1230.2802425517448
5083, 1230.2802425517448
5084, 1230.2802425517448
5085, 1230.2802425517448
5086, 1230.2802425517448
5087, 1230.2802425517448
5088, 1230.2802425517448
5089, 1230.2802425517448
5090, 1230.2802425517448
5091, 1230.2802425517448
5092, 1230.2802425517448
5093, 1230.2802425517448
5094, 1230.2802425517448
5095, 1230.2802425517448
5096, 1230.2802425517448
5097, 1230.2802425517448
5098, 1230.2802425517448
5099, 1230.2802425517448
5100, 1230.2802425517448
5101, 1230.2802425517448
5102, 1230.2802425517448
5103, 1230.2802425517448
5104, 1230.2802425517448
5105, 1230.2802425517448
5106, 1230.2802425517448
5107, 1230.2802425517448
5108, 1230.2802425517448
5109, 1230.2802425517448
5110, 1230.2802425517448
5111, 1230.2802425517448
5112, 1230.2802425517448
5113, 1230.2802425517448
5114, 1230.2802425517448
5115, 1230.2802425517448
5116, 1230.2802425517448
5117, 1230.2802425517448
5118, 1230.2802425517448
5119, 1230.2802425517448
5120, 1230.2802425517448
5121, 1230.2802425517448
5122, 1230.2802425517448
5123, 1230.2802425517448
5124, 1230.2802425517448
5125, 1230.2802425517448
5126, 1230.2802425517448
5127, 1230.2802425517448
5128, 1230.2802425517448
5129, 1230.2802425517448
5130, 1230.2802425517448
5131, 1230.2802425517448
5132, 1230.2802425517448
5133, 1230.2802425517448
5134, 1230.2802425517448
5135, 1230.2802425517448
5136, 1230.2802425517448
5137, 1230.2802425517448
5138, 1230.2802425517448
5139, 1230.2802425517448
5140, 1230.2802425517448
5141, 1230.2802425517448
5142, 1230.2802425517448
5143, 1230.2802425517448
5144, 1230.2802425517448
5145, 1230.2802425517448
5146, 1230.2802425517448
5147, 1230.2802425517448
5148, 1230.2802425517448
5149, 1230.2802425517448
5150, 1230.2802425517448
5151, 1230.2802425517448
5152, 1230.2802425517448
5153, 1230.2802425517448
5154, 1230.2802425517448
5155, 1230.2802425517448
5156, 1230.2802425517448
5157, 1230.2802425517448
5158, 1230.2802425517448
5159, 1230.2802425517448
5160, 1230.2802425517448
5161, 1230.2802425517448
5162, 1230.2802425517448
5163, 1230.2802425517448
5164, 1230.2802425517448
5165, 1230.2802425517448
5166, 1230.2802425517448
5167, 1230.2802425517448
5168, 1230.2802425517448
5169, 1230.2802425517448
5170, 1230.2802425517448
5171, 1230.2802425517448
5172, 1230.2802425517448
5173, 1226.6258177691773
5174, 1226.6258177691773
5175, 1226.6258177691773
5176, 1226.6258177691773
5177, 1226.6258177691773
5178, 1226.6258177691773
5179, 1226.6258177691773
5180, 1226.6258177691773
5181, 1226.6258177691773
5182, 1226.6258177691773
5183, 1226.6258177691773
5184, 1226.6258177691773
5185, 1226.6258177691773
5186, 1226.6258177691773
5187, 1226.6258177691773
5188, 1226.6258177691773
5189, 1226.6258177691773
5190, 1226.6258177691773
5191, 1192.7865958713776
5192, 1192.7865958713776
5193, 1192.7865958713776
5194, 1192.7865958713776
5195, 1192.7865958713776
5196, 1192.7865958713776
5197, 1192.7865958713776
5198, 1192.7865958713776
5199, 1192.7865958713776
5200, 1192.7865958713776
5201, 1192.7865958713776
5202, 1192.7865958713776
5203, 1192.7865958713776
5204, 1192.7865958713776
5205, 1192.7865958713776
5206, 1192.7865958713776
5207, 1192.7865958713776
5208, 1192.7865958713776
5209, 1192.7865958713776
5210, 1192.7865958713776
5211, 1192.7865958713776
5212, 1192.7865958713776
5213, 1192.7865958713776
5214, 1192.7865958713776
5215, 1192.7865958713776
5216, 1192.7865958713776
5217, 1186.7170874931176
5218, 1186.7170874931176
5219, 1186.7170874931176
5220, 1186.7170874931176
5221, 1186.7170874931176
5222, 1186.7170874931176
5223, 1186.7170874931176
5224, 1186.7170874931176
5225, 1186.7170874931176
5226, 1186.7170874931176
5227, 1186.7170874931176
5228, 1186.7170874931176
5229, 1186.7170874931176
5230, 1186.7170874931176
5231, 1186.7170874931176
5232, 1186.7170874931176
5233, 1186.7170874931176
5234, 1186.7170874931176
5235, 1186.7170874931176
5236, 1186.7170874931176
5237, 1186.7170874931176
5238, 1186.7170874931176
5239, 1186.7170874931176
5240, 1186.7170874931176
5241, 1186.7170874931176
5242, 1186.7170874931176
5243, 1186.7170874931176
5244, 1186.7170874931176
5245, 1186.7170874931176
5246, 1186.7170874931176
5247, 1186.7170874931176
5248, 1186.7170874931176
5249, 1186.7170874931176
5250, 1186.7170874931176
5251, 1186.7170874931176
5252, 1186.7170874931176
5253, 1186.7170874931176
5254, 1186.7170874931176
5255, 1186.7170874931176
5256, 1186.7170874931176
5257, 1186.7170874931176
5258, 1186.7170874931176
5259, 1179.972723670448
5260, 1179.972723670448
5261, 1179.972723670448
5262, 1179.972723670448
5263, 1179.972723670448
5264, 1179.972723670448
5265, 1179.972723670448
5266, 1179.972723670448
5267, 1179.972723670448
5268, 1179.972723670448
5269, 1179.972723670448
5270, 1179.972723670448
5271, 1179.972723670448
5272, 1179.972723670448
5273, 1179.972723670448
5274, 1179.972723670448
5275, 1179.972723670448
5276, 1179.972723670448
5277, 1179.972723670448
5278, 1179.972723670448
5279, 1179.972723670448
5280, 1179.972723670448
5281, 1179.972723670448
5282, 1179.972723670448
5283, 1179.972723670448
5284, 1179.972723670448
5285, 1179.972723670448
5286, 1179.972723670448
5287, 1179.972723670448
5288, 1179.972723670448
5289, 1179.972723670448
5290, 1179.972723670448
5291, 1179.972723670448
5292, 1179.972723670448
5293, 1179.972723670448
5294, 1179.972723670448
5295, 1179.972723670448
5296, 1179.972723670448
5297, 1179.972723670448
5298, 1179.972723670448
5299, 1179.972723670448
5300, 1179.972723670448
5301, 1179.972723670448
5302, 1179.972723670448
5303, 1179.972723670448
5304, 1179.972723670448
5305, 1179.972723670448
5306, 1179.972723670448
5307, 1179.972723670448
5308, 1179.972723670448
5309, 1179.972723670448
5310, 1179.972723670448
5311, 1179.972723670448
5312, 1179.972723670448
5313, 1179.972723670448
5314, 1179.972723670448
5315, 1179.972723670448
5316, 1179.972723670448
5317, 1179.972723670448
5318, 1179.972723670448
5319, 1179.972723670448
5320, 1179.972723670448
5321, 1179.972723670448
5322, 1179.972723670448
5323, 1179.972723670448
5324, 1179.972723670448
5325, 1179.972723670448
5326, 1179.972723670448
5327, 1179.972723670448
5328, 1179.972723670448
5329, 1179.972723670448
5330, 1179.972723670448
5331, 1179.972723670448
5332, 1179.972723670448
5333, 1179.972723670448
5334, 1179.972723670448
5335, 1179.972723670448
5336, 1179.972723670448
5337, 1179.972723670448
5338, 1179.972723670448
5339, 1179.972723670448
5340, 1173.5429084863365
5341, 1173.5429084863365
5342, 1173.5429084863365
5343, 1173.5429084863365
5344, 1173.5429084863365
5345, 1173.5429084863365
5346, 1173.5429084863365
5347, 1173.5429084863365
5348, 1173.5429084863365
5349, 1173.5429084863365
5350, 1173.5429084863365
5351, 1173.5429084863365
5352, 1173.5429084863365
5353, 1173.5429084863365
5354, 1173.5429084863365
5355, 1173.5429084863365
5356, 1173.5429084863365
5357, 1173.5429084863365
5358, 1173.5429084863365
5359, 1173.5429084863365
5360, 1173.5429084863365
5361, 1173.5429084863365
5362, 1173.5429084863365
5363, 1173.5429084863365
5364, 1173.5429084863365
5365, 1173.5429084863365
5366, 1173.5429084863365
5367, 1173.5429084863365
5368, 1173.5429084863365
5369, 1173.5429084863365
5370, 1173.5429084863365
5371, 1173.5429084863365
5372, 1173.5429084863365
5373, 1173.5429084863365
5374, 1173.5429084863365
5375, 1173.5429084863365
5376, 1173.5429084863365
5377, 1173.5429084863365
5378, 1173.5429084863365
5379, 1173.5429084863365
5380, 1173.5429084863365
5381, 1173.5429084863365
5382, 1173.5429084863365
5383, 1173.5429084863365
5384, 1173.5429084863365
5385, 1173.5429084863365
5386, 1173.5429084863365
5387, 1173.5429084863365
5388, 1173.5429084863365
5389, 1173.5429084863365
5390, 1173.5429084863365
5391, 1173.5429084863365
5392, 1173.5429084863365
5393, 1173.5429084863365
5394, 1173.5429084863365
5395, 1173.5429084863365
5396, 1173.5429084863365
5397, 1173.5429084863365
5398, 1173.5429084863365
5399, 1173.5429084863365
5400, 1173.5429084863365
5401, 1173.5429084863365
5402, 1173.5429084863365
5403, 1173.5429084863365
5404, 1173.5429084863365
5405, 1173.5429084863365
5406, 1173.5429084863365
5407, 1173.5429084863365
5408, 1173.5429084863365
5409, 1173.5429084863365
5410, 1173.5429084863365
5411, 1173.5429084863365
5412, 1173.5429084863365
5413, 1173.5429084863365
5414, 1173.5429084863365
5415, 1173.5429084863365
5416, 1173.5429084863365
5417, 1173.5429084863365
5418, 1173.5429084863365
5419, 1173.5429084863365
5420, 1173.5429084863365
5421, 1173.5429084863365
5422, 1173.5429084863365
5423, 1173.5429084863365
5424, 1173.5429084863365
5425, 1173.5429084863365
5426, 1173.5429084863365
5427, 1173.5429084863365
5428, 1173.5429084863365
5429, 1173.5429084863365
5430, 1173.5429084863365
5431, 1173.5429084863365
5432, 1173.5429084863365
5433, 1173.5429084863365
5434, 1173.5429084863365
5435, 1173.5429084863365
5436, 1173.5429084863365
5437, 1173.5429084863365
5438, 1173.5429084863365
5439, 1173.5429084863365
5440, 1173.5429084863365
5441, 1173.5429084863365
5442, 1173.5429084863365
5443, 1173.5429084863365
5444, 1173.5429084863365
5445, 1173.5429084863365
5446, 1173.5429084863365
5447, 1173.5429084863365
5448, 1173.5429084863365
5449, 1173.5429084863365
5450, 1173.5429084863365
5451, 1172.9329664088295
5452, 1172.9329664088295
5453, 1172.9329664088295
5454, 1172.9329664088295
5455, 1172.9329664088295
5456, 1172.9329664088295
5457, 1172.9329664088295
5458, 1172.9329664088295
5459, 1172.9329664088295
5460, 1172.9329664088295
5461, 1172.9329664088295
5462, 1172.9329664088295
5463, 1172.9329664088295
5464, 1172.9329664088295
5465, 1172.9329664088295
5466, 1172.9329664088295
5467, 1172.9329664088295
5468, 1172.9329664088295
5469, 1172.9329664088295
5470, 1172.9329664088295
5471, 1172.9329664088295
5472, 1172.9329664088295
5473, 1172.9329664088295
5474, 1172.9329664088295
5475, 1172.9329664088295
5476, 1172.9329664088295
5477, 1172.9329664088295
5478, 1172.9329664088295
5479, 1172.9329664088295
5480, 1172.9329664088295
5481, 1172.9329664088295
5482, 1172.9329664088295
5483, 1172.9329664088295
5484, 1172.9329664088295
5485, 1172.9329664088295
5486, 1172.9329664088295
5487, 1172.9329664088295
5488, 1172.9329664088295
5489, 1172.9329664088295
5490, 1172.9329664088295
5491, 1172.9329664088295
5492, 1172.9329664088295
5493, 1172.9329664088295
5494, 1172.9329664088295
5495, 1172.9329664088295
5496, 1172.9329664088295
5497, 1172.9329664088295
5498, 1172.9329664088295
5499, 1172.9329664088295
5500, 1172.9329664088295
5501, 1172.9329664088295
5502, 1172.9329664088295
5503, 1172.9329664088295
5504, 1172.9329664088295
5505, 1172.9329664088295
5506, 1172.9329664088295
5507, 1172.9329664088295
5508, 1172.9329664088295
5509, 1172.9329664088295
5510, 1172.9329664088295
5511, 1172.9329664088295
5512, 1172.9329664088295
5513, 1172.9329664088295
5514, 1172.9329664088295
5515, 1172.9329664088295
5516, 1172.9329664088295
5517, 1172.9329664088295
5518, 1172.9329664088295
5519, 1172.9329664088295
5520, 1172.9329664088295
5521, 1172.9329664088295
5522, 1172.9329664088295
5523, 1172.9329664088295
5524, 1172.9329664088295
5525, 1172.9329664088295
5526, 1172.9329664088295
5527, 1172.9329664088295
5528, 1172.9329664088295
5529, 1172.9329664088295
5530, 1172.9329664088295
5531, 1172.9329664088295
5532, 1172.9329664088295
5533, 1172.9329664088295
5534, 1172.9329664088295
5535, 1172.9329664088295
5536, 1170.7640607721094
5537, 1170.7640607721094
5538, 1170.7640607721094
5539, 1170.7640607721094
5540, 1170.7640607721094
5541, 1170.7640607721094
5542, 1170.7640607721094
5543, 1170.7640607721094
5544, 1170.7640607721094
5545, 1170.7640607721094
5546, 1170.7640607721094
5547, 1170.7640607721094
5548, 1170.7640607721094
5549, 1170.7640607721094
5550, 1170.7640607721094
5551, 1170.7640607721094
5552, 1170.7640607721094
5553, 1170.7640607721094
5554, 1170.7640607721094
5555, 1170.7640607721094
5556, 1170.7640607721094
5557, 1170.7640607721094
5558, 1170.7640607721094
5559, 1170.7640607721094
5560, 1170.7640607721094
5561, 1170.7640607721094
5562, 1170.7640607721094
5563, 1170.7640607721094
5564, 1170.7640607721094
5565, 1170.7640607721094
5566, 1170.7640607721094
5567, 1170.7640607721094
5568, 1170.7640607721094
5569, 1170.7640607721094
5570, 1170.7640607721094
5571, 1170.7640607721094
5572, 1170.7640607721094
5573, 1170.7640607721094
5574, 1170.7640607721094
5575, 1170.7640607721094
5576, 1170.7640607721094
5577, 1170.7640607721094
5578, 1170.7640607721094
5579, 1170.7640607721087
5580, 1170.7640607721087
5581, 1170.7640607721087
5582, 1170.7640607721087
5583, 1170.7640607721087
5584, 1170.7640607721087
5585, 1170.7640607721087
5586, 1170.7640607721087
5587, 1170.7640607721087
5588, 1170.7640607721087
5589, 1170.7640607721087
5590, 1170.7640607721087
5591, 1170.7640607721087
5592, 1170.7640607721087
5593, 1170.7640607721087
5594, 1170.7640607721087
5595, 1170.7640607721087
5596, 1170.7640607721087
5597, 1170.7640607721087
5598, 1170.7640607721087
5599, 1170.7640607721087
5600, 1170.7640607721087
5601, 1170.7640607721087
5602, 1170.7640607721087
5603, 1170.7640607721087
5604, 1170.7640607721087
5605, 1170.7640607721087
5606, 1170.7640607721087
5607, 1170.7640607721087
5608, 1170.7640607721087
5609, 1170.7640607721087
5610, 1170.7640607721087
5611, 1170.2270670635614
5612, 1170.2270670635614
5613, 1170.2270670635614
5614, 1170.2270670635614
5615, 1170.2270670635614
5616, 1170.2270670635614
5617, 1170.2270670635614
5618, 1170.2270670635614
5619, 1170.2270670635614
5620, 1170.2270670635614
5621, 1170.2270670635614
5622, 1170.2270670635614
5623, 1170.2270670635614
5624, 1170.2270670635614
5625, 1170.2270670635614
5626, 1170.2270670635614
5627, 1170.2270670635614
5628, 1170.2270670635614
5629, 1170.2270670635614
5630, 1170.2270670635614
5631, 1170.2270670635614
5632, 1170.2270670635614
5633, 1170.2270670635614
5634, 1170.2270670635614
5635, 1170.2270670635614
5636, 1170.2270670635614
5637, 1170.2270670635614
5638, 1170.2270670635614
5639, 1170.2270670635614
5640, 1170.2270670635614
5641, 1170.2270670635614
5642, 1170.2270670635614
5643, 1170.2270670635614
5644, 1170.2270670635614
5645, 1170.2270670635614
5646, 1170.2270670635614
5647, 1170.2270670635614
5648, 1170.2270670635614
5649, 1170.2270670635614
5650, 1170.2270670635614
5651, 1170.2270670635614
5652, 1170.2270670635614
5653, 1170.2270670635614
5654, 1170.2270670635614
5655, 1170.2270670635614
5656, 1170.2270670635614
5657, 1170.2270670635614
5658, 1170.2270670635614
5659, 1170.2270670635614
5660, 1170.2270670635614
5661, 1170.2270670635614
5662, 1170.2270670635614
5663, 1170.2270670635614
5664, 1170.2270670635614
5665, 1170.2270670635614
5666, 1170.2270670635614
5667, 1170.2270670635614
5668, 1170.2270670635614
5669, 1170.2270670635614
5670, 1170.2270670635614
5671, 1170.2270670635614
5672, 1170.2270670635614
5673, 1170.2270670635614
5674, 1170.2270670635614
5675, 1170.2270670635614
5676, 1170.2270670635614
5677, 1170.2270670635614
5678, 1170.2270670635614
5679, 1170.2270670635614
5680, 1170.2270670635614
5681, 1170.2270670635614
5682, 1170.2270670635614
5683, 1170.2270670635614
5684, 1170.2270670635614
5685, 1170.2270670635614
5686, 1170.2270670635614
5687, 1170.2270670635614
5688, 1170.2270670635614
5689, 1170.2270670635614
5690, 1170.2270670635614
5691, 1170.2270670635614
5692, 1170.2270670635614
5693, 1170.2270670635614
5694, 1170.2270670635614
5695, 1170.2270670635614
5696, 1170.2270670635614
5697, 1170.2270670635614
5698, 1170.2270670635614
5699, 1170.2270670635614
5700, 1170.2270670635614
5701, 1170.2270670635614
5702, 1170.2270670635614
5703, 1170.2270670635614
5704, 1170.2270670635614
5705, 1170.2270670635614
5706, 1170.2270670635614
5707, 1170.2270670635614
5708, 1170.2270670635614
5709, 1170.2270670635614
5710, 1170.2270670635614
5711, 1170.2270670635614
5712, 1170.2270670635614
5713, 1170.2270670635614
5714, 1170.2270670635614
5715, 1170.2270670635614
5716, 1170.2270670635614
5717, 1170.2270670635614
5718, 1170.2270670635614
5719, 1170.2270670635614
5720, 1170.2270670635614
5721, 1170.2270670635614
5722, 1170.2270670635614
5723, 1170.2270670635614
5724, 1170.2270670635614
5725, 1170.2270670635614
5726, 1170.2270670635614
5727, 1170.2270670635614
5728, 1170.2270670635614
5729, 1170.2270670635614
5730, 1170.2270670635614
5731, 1170.2270670635614
5732, 1170.2270670635614
5733, 1170.2270670635614
5734, 1170.2270670635614
5735, 1170.2270670635614
5736, 1170.2270670635614
5737, 1170.2270670635614
5738, 1170.2270670635614
5739, 1170.2270670635614
5740, 1170.2270670635614
5741, 1170.2270670635614
5742, 1170.2270670635614
5743, 1170.2270670635614
5744, 1170.2270670635614
5745, 1170.2270670635614
5746, 1170.2270670635614
5747, 1170.2270670635614
5748, 1170.2270670635614
5749, 1170.2270670635614
5750, 1170.2270670635614
5751, 1170.2270670635614
5752, 1170.2270670635614
5753, 1170.2270670635614
5754, 1170.2270670635614
5755, 1170.2270670635614
5756, 1170.2270670635614
5757, 1170.2270670635614
5758, 1170.2270670635614
5759, 1170.2270670635614
5760, 1170.2270670635614
5761, 1170.2270670635614
5762, 1170.2270670635614
5763, 1170.2270670635614
5764, 1170.2270670635614
5765, 1170.2270670635614
5766, 1170.2270670635614
5767, 1170.2270670635614
5768, 1170.2270670635614
5769, 1170.2270670635614
5770, 1170.2270670635614
5771, 1170.2270670635614
5772, 1170.2270670635614
5773, 1170.2270670635614
5774, 1170.2270670635614
5775, 1170.2270670635614
5776, 1170.2270670635614
5777, 1170.2270670635614
5778, 1170.2270670635614
5779, 1170.2270670635614
5780, 1170.2270670635614
5781, 1170.2270670635614
5782, 1170.2270670635614
5783, 1170.2270670635614
5784, 1170.2270670635614
5785, 1161.9668018922055
5786, 1161.9668018922055
5787, 1161.9668018922055
5788, 1161.9668018922055
5789, 1161.9668018922055
5790, 1161.9668018922055
5791, 1161.9668018922055
5792, 1161.9668018922055
5793, 1161.9668018922055
5794, 1161.9668018922055
5795, 1161.9668018922055
5796, 1161.9668018922055
5797, 1161.9668018922055
5798, 1161.9668018922055
5799, 1161.9668018922055
5800, 1161.9668018922055
5801, 1154.947825523727
5802, 1154.947825523727
5803, 1154.947825523727
5804, 1154.947825523727
5805, 1154.947825523727
5806, 1154.947825523727
5807, 1141.5743753514612
5808, 1141.5743753514612
5809, 1141.5743753514612
5810, 1141.5743753514612
5811, 1141.5743753514612
5812, 1141.5743753514612
5813, 1141.5743753514612
5814, 1141.5743753514612
5815, 1141.5743753514612
5816, 1141.5743753514612
5817, 1141.5743753514612
5818, 1141.5743753514612
5819, 1141.5743753514612
5820, 1141.5743753514612
5821, 1141.5743753514612
5822, 1141.5743753514612
5823, 1141.5743753514612
5824, 1141.5743753514612
5825, 1141.5743753514612
5826, 1141.5743753514612
5827, 1141.5743753514612
5828, 1141.5743753514612
5829, 1141.5743753514612
5830, 1141.5743753514612
5831, 1141.5743753514612
5832, 1141.5743753514612
5833, 1141.5743753514612
5834, 1141.5743753514612
5835, 1141.5743753514612
5836, 1141.5743753514612
5837, 1141.5743753514612
5838, 1141.5743753514612
5839, 1141.5743753514612
5840, 1141.5743753514612
5841, 1141.5743753514612
5842, 1141.5743753514612
5843, 1141.5743753514612
5844, 1141.5743753514612
5845, 1141.5743753514612
5846, 1141.5743753514612
5847, 1141.5743753514612
5848, 1141.5743753514612
5849, 1141.5743753514612
5850, 1141.5743753514612
5851, 1141.5743753514612
5852, 1141.5743753514612
5853, 1141.5743753514612
5854, 1141.5743753514612
5855, 1141.5743753514612
5856, 1141.5743753514612
5857, 1141.5743753514612
5858, 1141.5743753514612
5859, 1141.5743753514612
5860, 1141.5743753514612
5861, 1141.5743753514612
5862, 1141.5743753514612
5863, 1141.5743753514612
5864, 1141.5743753514612
5865, 1141.5743753514612
5866, 1141.5743753514612
5867, 1141.5743753514612
5868, 1141.5743753514612
5869, 1141.5743753514612
5870, 1141.5743753514612
5871, 1141.5743753514612
5872, 1141.5743753514612
5873, 1141.5743753514612
5874, 1123.7055003621863
5875, 1123.7055003621863
5876, 1123.7055003621863
5877, 1123.7055003621863
5878, 1123.7055003621863
5879, 1123.7055003621863
5880, 1123.7055003621863
5881, 1119.8135517357787
5882, 1119.8135517357787
5883, 1119.8135517357787
5884, 1119.8135517357787
5885, 1119.8135517357787
5886, 1119.8135517357787
5887, 1119.8135517357787
5888, 1119.8135517357787
5889, 1119.8135517357787
5890, 1119.8135517357787
5891, 1119.8135517357787
5892, 1119.8135517357787
5893, 1119.8135517357787
5894, 1119.8135517357787
5895, 1119.8135517357787
5896, 1119.8135517357787
5897, 1119.8135517357787
5898, 1119.8135517357787
5899, 1119.8135517357787
5900, 1119.8135517357787
5901, 1119.8135517357787
5902, 1119.8135517357787
5903, 1119.8135517357787
5904, 1119.8135517357787
5905, 1119.8135517357787
5906, 1119.8135517357787
5907, 1119.8135517357787
5908, 1119.8135517357787
5909, 1119.8135517357787
5910, 1119.8135517357787
5911, 1119.8135517357787
5912, 1119.8135517357787
5913, 1119.8135517357787
5914, 1119.8135517357787
5915, 1119.8135517357787
5916, 1119.8135517357787
5917, 1119.8135517357787
5918, 1119.8135517357787
5919, 1119.8135517357787
5920, 1119.8135517357787
5921, 1119.8135517357787
5922, 1119.8135517357787
5923, 1119.8135517357787
5924, 1119.8135517357787
5925, 1119.8135517357787
5926, 1119.8135517357787
5927, 1119.8135517357787
5928, 1119.8135517357787
5929, 1119.8135517357787
5930, 1119.8135517357787
5931, 1119.8135517357787
5932, 1119.8135517357787
5933, 1119.8135517357787
5934, 1119.8135517357787
5935, 1119.8135517357787
5936, 1119.8135517357787
5937, 1119.8135517357787
5938, 1119.8135517357787
5939, 1119.8135517357787
5940, 1119.8135517357787
5941, 1119.8135517357787
5942, 1119.8135517357787
5943, 1119.8135517357787
5944, 1119.8135517357787
5945, 1119.8135517357787
5946, 1119.8135517357787
5947, 1119.8135517357787
5948, 1119.8135517357787
5949, 1119.8135517357787
5950, 1119.8135517357787
5951, 1119.8135517357787
5952, 1119.8135517357787
5953, 1119.8135517357787
5954, 1119.8135517357787
5955, 1119.8135517357787
5956, 1119.8135517357787
5957, 1119.8135517357787
5958, 1119.8135517357787
5959, 1119.8135517357787
5960, 1119.8135517357787
5961, 1119.8135517357787
5962, 1119.8135517357787
5963, 1119.8135517357787
5964, 1119.8135517357787
5965, 1119.8135517357787
5966, 1119.8135517357787
5967, 1119.8135517357787
5968, 1119.8135517357787
5969, 1119.8135517357787
5970, 1119.8135517357787
5971, 1119.8135517357787
5972, 1119.8135517357787
5973, 1119.8135517357787
5974, 1119.8135517357787
5975, 1119.8135517357787
5976, 1119.8135517357787
5977, 1119.8135517357787
5978, 1119.8135517357787
5979, 1119.8135517357787
5980, 1119.8135517357787
5981, 1119.8135517357787
5982, 1119.8135517357787
5983, 1119.8135517357787
5984, 1119.8135517357787
5985, 1119.8135517357787
5986, 1119.8135517357787
5987, 1119.8135517357787
5988, 1119.8135517357787
5989, 1119.8135517357787
5990, 1119.8135517357787
5991, 1119.8135517357787
5992, 1119.8135517357787
5993, 1119.8135517357787
5994, 1119.8135517357787
5995, 1119.8135517357787
5996, 1119.8135517357787
5997, 1119.8135517357787
5998, 1119.8135517357787
5999, 1119.8135517357787
6000, 1119.8135517357787
6001, 1119.8135517357787
6002, 1119.8135517357787
6003, 1119.8135517357787
6004, 1119.8135517357787
6005, 1119.8135517357787
6006, 1119.8135517357787
6007, 1119.8135517357787
6008, 1119.8135517357787
6009, 1119.8135517357787
6010, 1119.8135517357787
6011, 1119.8135517357787
6012, 1119.8135517357787
6013, 1119.8135517357787
6014, 1119.8135517357787
6015, 1119.8135517357787
6016, 1119.8135517357787
6017, 1119.8135517357787
6018, 1119.8135517357787
6019, 1119.8135517357787
6020, 1119.8135517357787
6021, 1119.8135517357787
6022, 1119.8135517357787
6023, 1119.8135517357787
6024, 1119.8135517357787
6025, 1119.8135517357787
6026, 1119.8135517357787
6027, 1119.8135517357787
6028, 1119.8135517357787
6029, 1119.8135517357787
6030, 1119.8135517357787
6031, 1119.8135517357787
6032, 1119.8135517357787
6033, 1119.8135517357787
6034, 1119.8135517357787
6035, 1119.8135517357787
6036, 1119.8135517357787
6037, 1119.8135517357787
6038, 1119.8135517357787
6039, 1119.8135517357787
6040, 1119.8135517357787
6041, 1119.8135517357787
6042, 1119.8135517357787
6043, 1119.8135517357787
6044, 1119.8135517357787
6045, 1119.8135517357787
6046, 1119.8135517357787
6047, 1119.8135517357787
6048, 1119.8135517357787
6049, 1119.8135517357787
6050, 1119.8135517357787
6051, 1119.8135517357787
6052, 1119.8135517357787
6053, 1119.8135517357787
6054, 1119.8135517357787
6055, 1119.8135517357787
6056, 1119.8135517357787
6057, 1119.8135517357787
6058, 1119.8135517357787
6059, 1119.8135517357787
6060, 1119.8135517357787
6061, 1119.8135517357787
6062, 1119.8135517357787
6063, 1119.8135517357787
6064, 1119.8135517357787
6065, 1119.8135517357787
6066, 1119.8135517357787
6067, 1119.8135517357787
6068, 1119.8135517357787
6069, 1119.8135517357787
6070, 1119.8135517357787
6071, 1119.8135517357787
6072, 1119.8135517357787
6073, 1119.8135517357787
6074, 1119.8135517357787
6075, 1119.8135517357787
6076, 1119.8135517357787
6077, 1119.8135517357787
6078, 1119.8135517357787
6079, 1119.8135517357787
6080, 1116.9368527601148
6081, 1116.9368527601148
6082, 1116.9368527601148
6083, 1116.9368527601148
6084, 1116.9368527601148
6085, 1116.9368527601148
6086, 1116.9368527601148
6087, 1111.153907564898
6088, 1111.153907564898
6089, 1111.153907564898
6090, 1111.153907564898
6091, 1111.153907564898
6092, 1111.153907564898
6093, 1111.153907564898
6094, 1111.153907564898
6095, 1111.153907564898
6096, 1111.153907564898
6097, 1111.153907564898
6098, 1111.153907564898
6099, 1111.153907564898
6100, 1111.153907564898
6101, 1111.153907564898
6102, 1111.153907564898
6103, 1111.153907564898
6104, 1111.153907564898
6105, 1111.153907564898
6106, 1111.153907564898
6107, 1111.153907564898
6108, 1111.153907564898
6109, 1111.153907564898
6110, 1111.153907564898
6111, 1111.153907564898
6112, 1111.153907564898
6113, 1111.153907564898
6114, 1111.153907564898
6115, 1111.153907564898
6116, 1111.153907564898
6117, 1111.153907564898
6118, 1111.153907564898
6119, 1111.153907564898
6120, 1111.153907564898
6121, 1111.153907564898
6122, 1111.153907564898
6123, 1111.153907564898
6124, 1111.153907564898
6125, 1111.153907564898
6126, 1111.153907564898
6127, 1111.153907564898
6128, 1111.153907564898
6129, 1111.153907564898
6130, 1111.153907564898
6131, 1111.153907564898
6132, 1111.153907564898
6133, 1111.153907564898
6134, 1111.153907564898
6135, 1111.153907564898
6136, 1111.153907564898
6137, 1111.153907564898
6138, 1111.153907564898
6139, 1111.153907564898
6140, 1111.153907564898
6141, 1111.153907564898
6142, 1111.153907564898
6143, 1111.153907564898
6144, 1111.153907564898
6145, 1111.153907564898
6146, 1111.153907564898
6147, 1111.153907564898
6148, 1111.153907564898
6149, 1111.153907564898
6150, 1111.153907564898
6151, 1111.153907564898
6152, 1111.153907564898
6153, 1111.153907564898
6154, 1111.153907564898
6155, 1111.153907564898
6156, 1111.153907564898
6157, 1111.153907564898
6158, 1111.153907564898
6159, 1111.153907564898
6160, 1111.153907564898
6161, 1111.153907564898
6162, 1111.153907564898
6163, 1111.153907564898
6164, 1111.153907564898
6165, 1111.153907564898
6166, 1111.153907564898
6167, 1111.153907564898
6168, 1111.153907564898
6169, 1111.153907564898
6170, 1111.153907564898
6171, 1111.153907564898
6172, 1110.7565192741852
6173, 1110.7565192741852
6174, 1110.7565192741852
6175, 1110.7565192741852
6176, 1110.7565192741852
6177, 1110.7565192741852
6178, 1110.7565192741852
6179, 1110.7565192741852
6180, 1110.7565192741852
6181, 1110.7565192741852
6182, 1110.7565192741852
6183, 1110.7565192741852
6184, 1110.7565192741852
6185, 1110.7565192741852
6186, 1110.7565192741852
6187, 1110.7565192741852
6188, 1110.7565192741852
6189, 1110.7565192741852
6190, 1110.7565192741852
6191, 1110.7565192741852
6192, 1110.7565192741852
6193, 1110.7565192741852
6194, 1110.7565192741852
6195, 1110.7565192741852
6196, 1110.7565192741852
6197, 1110.7565192741852
6198, 1110.7565192741852
6199, 1110.7565192741852
6200, 1110.7565192741852
6201, 1110.7565192741852
6202, 1110.7565192741852
6203, 1110.7565192741852
6204, 1110.7565192741852
6205, 1110.7565192741852
6206, 1110.7565192741852
6207, 1110.7565192741852
6208, 1110.7565192741852
6209, 1110.7565192741852
6210, 1110.7565192741852
6211, 1110.7565192741852
6212, 1110.7565192741852
6213, 1110.7565192741852
6214, 1110.7565192741852
6215, 1110.7565192741852
6216, 1110.7565192741852
6217, 1110.7565192741852
6218, 1110.7565192741852
6219, 1110.7565192741852
6220, 1110.7565192741852
6221, 1110.7565192741852
6222, 1110.7565192741852
6223, 1110.7565192741852
6224, 1110.7565192741852
6225, 1110.7565192741852
6226, 1110.7565192741852
6227, 1110.7565192741852
6228, 1110.7565192741852
6229, 1110.7565192741852
6230, 1110.7565192741852
6231, 1110.7565192741852
6232, 1110.7565192741852
6233, 1110.7565192741852
6234, 1110.7565192741852
6235, 1110.7565192741852
6236, 1110.7565192741852
6237, 1110.7565192741852
6238, 1110.7565192741852
6239, 1110.7565192741852
6240, 1110.7565192741852
6241, 1110.7565192741852
6242, 1110.7565192741852
6243, 1110.7565192741852
6244, 1110.7565192741852
6245, 1110.7565192741852
6246, 1110.7565192741852
6247, 1110.7565192741852
6248, 1110.7565192741852
6249, 1110.7565192741852
6250, 1110.7565192741852
6251, 1110.7565192741852
6252, 1110.7565192741852
6253, 1110.7565192741852
6254, 1110.7565192741852
6255, 1110.7565192741852
6256, 1110.7565192741852
6257, 1110.7565192741852
6258, 1110.7565192741852
6259, 1110.7565192741852
6260, 1110.7565192741852
6261, 1110.7565192741852
6262, 1110.7565192741852
6263, 1110.7565192741852
6264, 1110.7565192741852
6265, 1110.7565192741852
6266, 1110.7565192741852
6267, 1110.7565192741852
6268, 1110.7565192741852
6269, 1110.7565192741852
6270, 1110.7565192741852
6271, 1110.7565192741852
6272, 1110.7565192741852
6273, 1110.7565192741852
6274, 1110.7565192741852
6275, 1110.7565192741852
6276, 1110.7565192741852
6277, 1110.7565192741852
6278, 1110.7565192741852
6279, 1110.7565192741852
6280, 1110.7565192741852
6281, 1110.7565192741852
6282, 1110.7565192741852
6283, 1110.7565192741852
6284, 1110.7565192741852
6285, 1110.7565192741852
6286, 1110.7565192741852
6287, 1108.9511071019938
6288, 1108.9511071019938
6289, 1108.9511071019938
6290, 1108.9511071019938
6291, 1108.9511071019938
6292, 1108.9511071019938
6293, 1108.9511071019938
6294, 1108.9511071019938
6295, 1108.9511071019938
6296, 1108.9511071019938
6297, 1108.9511071019938
6298, 1108.9511071019938
6299, 1108.9511071019938
6300, 1108.9511071019938
6301, 1108.9511071019938
6302, 1108.9511071019938
6303, 1108.9511071019938
6304, 1108.9511071019938
6305, 1108.9511071019938
6306, 1108.9511071019938
6307, 1108.9511071019938
6308, 1108.9511071019938
6309, 1108.9511071019938
6310, 1108.9511071019938
6311, 1108.9511071019938
6312, 1108.9511071019938
6313, 1108.9511071019938
6314, 1108.9511071019938
6315, 1108.9511071019938
6316, 1108.9511071019938
6317, 1108.9511071019938
6318, 1108.9511071019938
6319, 1108.9511071019938
6320, 1108.9511071019938
6321, 1108.9511071019938
6322, 1108.9511071019938
6323, 1108.9511071019938
6324, 1108.9511071019938
6325, 1108.9511071019938
6326, 1108.9511071019938
6327, 1108.9511071019938
6328, 1108.9511071019938
6329, 1108.9511071019938
6330, 1108.9511071019938
6331, 1108.9511071019938
6332, 1108.9511071019938
6333, 1108.9511071019938
6334, 1108.9511071019938
6335, 1108.9511071019938
6336, 1108.9511071019938
6337, 1108.9511071019938
6338, 1108.9511071019938
6339, 1108.9511071019938
6340, 1108.9511071019938
6341, 1108.9511071019938
6342, 1108.9511071019938
6343, 1108.9511071019938
6344, 1108.9511071019938
6345, 1108.9511071019938
6346, 1108.9511071019938
6347, 1108.9511071019938
6348, 1108.9511071019938
6349, 1108.9511071019938
6350, 1108.9511071019938
6351, 1108.9511071019938
6352, 1108.9511071019938
6353, 1108.9511071019938
6354, 1108.9511071019938
6355, 1108.9511071019938
6356, 1108.9511071019938
6357, 1108.9511071019938
6358, 1108.9511071019938
6359, 1108.9511071019938
6360, 1108.9511071019938
6361, 1108.9511071019938
6362, 1108.9511071019938
6363, 1108.9511071019938
6364, 1108.9511071019938
6365, 1108.9511071019938
6366, 1108.9511071019938
6367, 1108.9511071019938
6368, 1108.9511071019938
6369, 1108.9511071019938
6370, 1108.9511071019938
6371, 1108.9511071019938
6372, 1108.9511071019938
6373, 1108.9511071019938
6374, 1108.9511071019938
6375, 1108.9511071019938
6376, 1108.9511071019938
6377, 1108.9511071019938
6378, 1108.9511071019938
6379, 1108.9511071019938
6380, 1108.9511071019938
6381, 1108.9511071019938
6382, 1108.9511071019938
6383, 1108.9511071019938
6384, 1108.9511071019938
6385, 1108.9511071019938
6386, 1108.9511071019938
6387, 1108.9511071019938
6388, 1108.9511071019938
6389, 1108.9511071019938
6390, 1108.9511071019938
6391, 1108.9511071019938
6392, 1108.9511071019938
6393, 1108.9511071019938
6394, 1108.9511071019938
6395, 1108.9511071019938
6396, 1108.9511071019938
6397, 1108.9511071019938
6398, 1108.9511071019938
6399, 1108.9511071019938
6400, 1108.9511071019938
6401, 1108.9511071019938
6402, 1108.9511071019938
6403, 1108.9511071019938
6404, 1108.9511071019938
6405, 1108.9511071019938
6406, 1108.9511071019938
6407, 1108.9511071019938
6408, 1108.9511071019938
6409, 1108.9511071019938
6410, 1108.9511071019938
6411, 1108.9511071019938
6412, 1108.9511071019938
6413, 1108.9511071019938
6414, 1108.9511071019938
6415, 1100.1169846758883
6416, 1100.1169846758883
6417, 1100.1169846758883
6418, 1100.1169846758883
6419, 1100.1169846758883
6420, 1100.1169846758883
6421, 1100.1169846758883
6422, 1100.1169846758883
6423, 1100.1169846758883
6424, 1100.1169846758883
6425, 1100.1169846758883
6426, 1100.1169846758883
6427, 1100.1169846758883
6428, 1100.1169846758883
6429, 1100.1169846758883
6430, 1100.1169846758883
6431, 1100.1169846758883
6432, 1100.1169846758883
6433, 1100.1169846758883
6434, 1100.1169846758883
6435, 1100.1169846758883
6436, 1100.1169846758883
6437, 1100.1169846758883
6438, 1100.1169846758883
6439, 1100.1169846758883
6440, 1100.1169846758883
6441, 1100.1169846758883
6442, 1100.1169846758883
6443, 1100.1169846758883
6444, 1100.1169846758883
6445, 1100.1169846758883
6446, 1100.1169846758883
6447, 1100.1169846758883
6448, 1100.1169846758883
6449, 1100.1169846758883
6450, 1100.1169846758883
6451, 1100.1169846758883
6452, 1100.1169846758883
6453, 1100.1169846758883
6454, 1100.1169846758883
6455, 1100.1169846758883
6456, 1100.1169846758883
6457, 1100.1169846758883
6458, 1100.1169846758883
6459, 1100.1169846758883
6460, 1100.1169846758883
6461, 1100.1169846758883
6462, 1100.1169846758883
6463, 1100.1169846758883
6464, 1100.1169846758883
6465, 1100.1169846758883
6466, 1100.1169846758883
6467, 1100.1169846758883
6468, 1100.1169846758883
6469, 1100.1169846758883
6470, 1100.1169846758883
6471, 1100.1169846758883
6472, 1100.1169846758883
6473, 1100.1169846758883
6474, 1100.1169846758883
6475, 1100.1169846758883
6476, 1100.1169846758883
6477, 1100.1169846758883
6478, 1100.1169846758883
6479, 1100.1169846758883
6480, 1100.1169846758883
6481, 1100.1169846758883
6482, 1100.1169846758883
6483, 1100.1169846758883
6484, 1100.1169846758883
6485, 1100.1169846758883
6486, 1100.1169846758883
6487, 1100.1169846758883
6488, 1100.1169846758883
6489, 1100.1169846758883
6490, 1100.1169846758883
6491, 1100.1169846758883
6492, 1100.1169846758883
6493, 1100.1169846758883
6494, 1100.1169846758883
6495, 1100.1169846758883
6496, 1100.1169846758883
6497, 1100.1169846758883
6498, 1100.1169846758883
6499, 1100.1169846758883
6500, 1100.1169846758883
6501, 1100.1169846758883
6502, 1100.1169846758883
6503, 1100.1169846758883
6504, 1100.1169846758883
6505, 1100.1169846758883
6506, 1100.1169846758883
6507, 1100.1169846758883
6508, 1100.1169846758883
6509, 1100.1169846758883
6510, 1100.1169846758883
6511, 1100.1169846758883
6512, 1100.1169846758883
6513, 1100.1169846758883
6514, 1100.1169846758883
6515, 1100.1169846758883
6516, 1100.1169846758883
6517, 1100.1169846758883
6518, 1100.1169846758883
6519, 1100.1169846758883
6520, 1100.1169846758883
6521, 1100.1169846758883
6522, 1100.1169846758883
6523, 1100.1169846758883
6524, 1100.1169846758883
6525, 1100.1169846758883
6526, 1100.1169846758883
6527, 1100.1169846758883
6528, 1100.1169846758883
6529, 1100.1169846758883
6530, 1100.1169846758883
6531, 1100.1169846758883
6532, 1100.1169846758883
6533, 1100.1169846758883
6534, 1100.1169846758883
6535, 1100.1169846758883
6536, 1100.1169846758883
6537, 1100.1169846758883
6538, 1100.1169846758883
6539, 1100.1169846758883
6540, 1099.594139314896
6541, 1099.594139314896
6542, 1099.594139314896
6543, 1099.594139314896
6544, 1099.594139314896
6545, 1099.594139314896
6546, 1099.594139314896
6547, 1099.594139314896
6548, 1099.594139314896
6549, 1099.594139314896
6550, 1099.594139314896
6551, 1099.594139314896
6552, 1099.594139314896
6553, 1099.594139314896
6554, 1099.594139314896
6555, 1099.594139314896
6556, 1099.594139314896
6557, 1099.594139314896
6558, 1099.594139314896
6559, 1099.594139314896
6560, 1099.594139314896
6561, 1099.594139314896
6562, 1099.594139314896
6563, 1099.594139314896
6564, 1099.594139314896
6565, 1099.594139314896
6566, 1099.594139314896
6567, 1099.594139314896
6568, 1099.594139314896
6569, 1099.594139314896
6570, 1099.594139314896
6571, 1099.594139314896
6572, 1099.594139314896
6573, 1099.594139314896
6574, 1099.594139314896
6575, 1099.594139314896
6576, 1099.594139314896
6577, 1099.594139314896
6578, 1099.594139314896
6579, 1099.594139314896
6580, 1099.594139314896
6581, 1099.594139314896
6582, 1099.594139314896
6583, 1099.594139314896
6584, 1099.594139314896
6585, 1099.594139314896
6586, 1099.594139314896
6587, 1099.594139314896
6588, 1099.594139314896
6589, 1099.594139314896
6590, 1099.594139314896
6591, 1099.594139314896
6592, 1099.594139314896
6593, 1099.594139314896
6594, 1099.594139314896
6595, 1099.594139314896
6596, 1099.594139314896
6597, 1099.594139314896
6598, 1099.594139314896
6599, 1099.594139314896
6600, 1099.594139314896
6601, 1099.594139314896
6602, 1099.594139314896
6603, 1099.594139314896
6604, 1099.594139314896
6605, 1099.594139314896
6606, 1099.594139314896
6607, 1097.631636378418
6608, 1097.631636378418
6609, 1097.631636378418
6610, 1097.631636378418
6611, 1097.631636378418
6612, 1097.631636378418
6613, 1097.631636378418
6614, 1097.631636378418
6615, 1097.631636378418
6616, 1097.631636378418
6617, 1097.631636378418
6618, 1097.631636378418
6619, 1097.631636378418
6620, 1097.631636378418
6621, 1097.631636378418
6622, 1097.631636378418
6623, 1097.631636378418
6624, 1097.631636378418
6625, 1097.631636378418
6626, 1097.631636378418
6627, 1097.631636378418
6628, 1097.631636378418
6629, 1097.631636378418
6630, 1097.631636378418
6631, 1097.631636378418
6632, 1097.631636378418
6633, 1097.631636378418
6634, 1097.631636378418
6635, 1097.631636378418
6636, 1097.631636378418
6637, 1097.631636378418
6638, 1097.631636378418
6639, 1097.631636378418
6640, 1097.631636378418
6641, 1097.631636378418
6642, 1097.631636378418
6643, 1097.631636378418
6644, 1097.631636378418
6645, 1097.631636378418
6646, 1097.631636378418
6647, 1097.631636378418
6648, 1097.631636378418
6649, 1097.631636378418
6650, 1097.631636378418
6651, 1097.631636378418
6652, 1097.631636378418
6653, 1097.631636378418
6654, 1097.631636378418
6655, 1097.631636378418
6656, 1097.631636378418
6657, 1097.631636378418
6658, 1097.631636378418
6659, 1097.631636378418
6660, 1097.631636378418
6661, 1097.631636378418
6662, 1097.631636378418
6663, 1097.631636378418
6664, 1097.631636378418
6665, 1097.631636378418
6666, 1097.631636378418
6667, 1097.631636378418
6668, 1097.631636378418
6669, 1097.631636378418
6670, 1097.631636378418
6671, 1097.631636378418
6672, 1097.631636378418
6673, 1097.631636378418
6674, 1097.631636378418
6675, 1097.631636378418
6676, 1097.631636378418
6677, 1097.631636378418
6678, 1097.631636378418
6679, 1097.631636378418
6680, 1097.631636378418
6681, 1097.631636378418
6682, 1097.631636378418
6683, 1097.631636378418
6684, 1097.631636378418
6685, 1097.631636378418
6686, 1097.631636378418
6687, 1097.631636378418
6688, 1097.631636378418
6689, 1091.8924238920843
6690, 1091.8924238920843
6691, 1091.8924238920843
6692, 1091.8924238920843
6693, 1091.8924238920843
6694, 1091.8924238920843
6695, 1091.8924238920843
6696, 1091.8924238920843
6697, 1091.8924238920843
6698, 1091.8924238920843
6699, 1091.8924238920843
6700, 1091.8924238920843
6701, 1091.8924238920843
6702, 1091.8924238920843
6703, 1091.8924238920843
6704, 1091.8924238920843
6705, 1091.8924238920843
6706, 1091.8924238920843
6707, 1091.8924238920843
6708, 1091.8924238920843
6709, 1091.8924238920843
6710, 1091.8924238920843
6711, 1091.8924238920843
6712, 1091.8924238920843
6713, 1091.8924238920843
6714, 1091.8924238920843
6715, 1091.8924238920843
6716, 1091.8924238920843
6717, 1091.8924238920843
6718, 1091.8924238920843
6719, 1091.8924238920843
6720, 1091.8924238920843
6721, 1091.8924238920843
6722, 1091.8924238920843
6723, 1091.8924238920843
6724, 1091.8924238920843
6725, 1091.8924238920843
6726, 1091.8924238920843
6727, 1091.8924238920843
6728, 1091.8924238920843
6729, 1091.8924238920843
6730, 1091.8924238920843
6731, 1091.8924238920843
6732, 1091.8924238920843
6733, 1091.8924238920843
6734, 1091.8924238920843
6735, 1091.8924238920843
6736, 1091.8924238920843
6737, 1091.8924238920843
6738, 1091.8924238920843
6739, 1091.8924238920843
6740, 1091.8924238920843
6741, 1091.8924238920843
6742, 1091.8924238920843
6743, 1091.8924238920843
6744, 1091.8924238920843
6745, 1091.8924238920843
6746, 1091.8924238920843
6747, 1091.8924238920843
6748, 1091.8924238920843
6749, 1091.8924238920843
6750, 1091.8924238920843
6751, 1091.8924238920843
6752, 1091.8924238920843
6753, 1091.8924238920843
6754, 1091.8924238920843
6755, 1091.8924238920843
6756, 1091.8924238920843
6757, 1091.8924238920843
6758, 1091.8924238920843
6759, 1091.8924238920843
6760, 1091.8924238920843
6761, 1091.8924238920843
6762, 1091.8924238920843
6763, 1091.8924238920843
6764, 1091.8924238920843
6765, 1091.8924238920843
6766, 1091.8924238920843
6767, 1091.8924238920843
6768, 1091.8924238920843
6769, 1091.8924238920843
6770, 1091.8924238920843
6771, 1091.8924238920843
6772, 1091.8924238920843
6773, 1091.8924238920843
6774, 1091.8924238920843
6775, 1091.8924238920843
6776, 1091.8924238920843
6777, 1091.8924238920843
6778, 1091.8924238920843
6779, 1091.8924238920843
6780, 1091.8924238920843
6781, 1091.8924238920843
6782, 1091.8924238920843
6783, 1091.8924238920843
6784, 1091.8924238920843
6785, 1091.8924238920843
6786, 1091.8924238920843
6787, 1091.8924238920843
6788, 1091.8924238920843
6789, 1091.8924238920843
6790, 1091.8924238920843
6791, 1091.8924238920843
6792, 1091.8924238920843
6793, 1091.8924238920843
6794, 1091.8924238920843
6795, 1091.8924238920843
6796, 1091.8924238920843
6797, 1091.8924238920843
6798, 1091.8924238920843
6799, 1091.8924238920843
6800, 1091.8924238920843
6801, 1091.8924238920843
6802, 1091.8924238920843
6803, 1091.8924238920843
6804, 1091.8924238920843
6805, 1091.8924238920843
6806, 1091.8924238920843
6807, 1091.8924238920843
6808, 1091.8924238920843
6809, 1091.8924238920843
6810, 1091.8924238920843
6811, 1091.8924238920843
6812, 1091.8924238920843
6813, 1091.8924238920843
6814, 1091.8924238920843
6815, 1091.8924238920843
6816, 1091.8924238920843
6817, 1091.8924238920843
6818, 1091.8924238920843
6819, 1091.8924238920843
6820, 1091.8924238920843
6821, 1091.8924238920843
6822, 1091.8924238920843
6823, 1091.8924238920843
6824, 1091.8924238920843
6825, 1091.8924238920843
6826, 1091.8924238920843
6827, 1091.8924238920843
6828, 1091.8924238920843
6829, 1091.8924238920843
6830, 1091.8924238920843
6831, 1091.8924238920843
6832, 1091.8924238920843
6833, 1091.8924238920843
6834, 1091.8924238920843
6835, 1091.8924238920843
6836, 1091.8924238920843
6837, 1091.8924238920843
6838, 1091.8924238920843
6839, 1091.8924238920843
6840, 1091.8924238920843
6841, 1091.8924238920843
6842, 1091.8924238920843
6843, 1091.8924238920843
6844, 1091.8924238920843
6845, 1091.8924238920843
6846, 1091.8924238920843
6847, 1091.8924238920843
6848, 1091.8924238920843
6849, 1091.8924238920843
6850, 1091.8924238920843
6851, 1091.8924238920843
6852, 1091.8924238920843
6853, 1091.8924238920843
6854, 1091.8924238920843
6855, 1091.8924238920843
6856, 1091.8924238920843
6857, 1091.8924238920843
6858, 1091.8924238920843
6859, 1091.8924238920843
6860, 1091.8924238920843
6861, 1091.8924238920843
6862, 1091.8924238920843
6863, 1091.8924238920843
6864, 1091.8924238920843
6865, 1091.8924238920843
6866, 1091.8924238920843
6867, 1091.8924238920843
6868, 1091.8924238920843
6869, 1091.8924238920843
6870, 1091.8924238920843
6871, 1091.8924238920843
6872, 1091.8924238920843
6873, 1091.8924238920843
6874, 1091.8924238920843
6875, 1091.8924238920843
6876, 1091.8924238920843
6877, 1091.8924238920843
6878, 1091.8924238920843
6879, 1091.8924238920843
6880, 1091.8924238920843
6881, 1091.8924238920843
6882, 1091.8924238920843
6883, 1091.8924238920843
6884, 1091.8924238920843
6885, 1091.8924238920843
6886, 1091.8924238920843
6887, 1091.8924238920843
6888, 1091.8924238920843
6889, 1091.8924238920843
6890, 1091.8924238920843
6891, 1091.8924238920843
6892, 1091.8924238920843
6893, 1091.8924238920843
6894, 1091.8924238920843
6895, 1091.8924238920843
6896, 1091.8924238920843
6897, 1091.8924238920843
6898, 1091.8924238920843
6899, 1091.8924238920843
6900, 1091.8924238920843
6901, 1091.8924238920843
6902, 1091.8924238920843
6903, 1091.8924238920843
6904, 1091.8924238920843
6905, 1091.8924238920843
6906, 1091.8924238920843
6907, 1091.8924238920843
6908, 1091.8924238920843
6909, 1091.8924238920843
6910, 1091.8924238920843
6911, 1091.8924238920843
6912, 1091.8924238920843
6913, 1091.8924238920843
6914, 1091.8924238920843
6915, 1091.8924238920843
6916, 1091.8924238920843
6917, 1091.8924238920843
6918, 1091.8924238920843
6919, 1091.8924238920843
6920, 1091.8924238920843
6921, 1091.8924238920843
6922, 1091.8924238920843
6923, 1091.8924238920843
6924, 1091.8924238920843
6925, 1091.8924238920843
6926, 1091.8924238920843
6927, 1091.8924238920843
6928, 1091.8924238920843
6929, 1091.8924238920843
6930, 1091.8924238920843
6931, 1091.8924238920843
6932, 1091.8924238920843
6933, 1091.8924238920843
6934, 1091.8924238920843
6935, 1091.8924238920843
6936, 1091.8924238920843
6937, 1091.8924238920843
6938, 1091.8924238920843
6939, 1091.8924238920843
6940, 1091.8924238920843
6941, 1091.8924238920843
6942, 1091.8924238920843
6943, 1091.8924238920843
6944, 1091.8924238920843
6945, 1091.8924238920843
6946, 1091.8924238920843
6947, 1091.8924238920843
6948, 1091.8924238920843
6949, 1091.8924238920843
6950, 1091.8924238920843
6951, 1091.8924238920843
6952, 1091.8924238920843
6953, 1091.8924238920843
6954, 1091.8924238920843
6955, 1091.8924238920843
6956, 1091.8924238920843
6957, 1091.8924238920843
6958, 1091.603857074497
6959, 1091.603857074497
6960, 1091.603857074497
6961, 1091.603857074497
6962, 1091.603857074497
6963, 1091.603857074497
6964, 1091.603857074497
6965, 1091.603857074497
6966, 1091.603857074497
6967, 1091.603857074497
6968, 1091.603857074497
6969, 1091.603857074497
6970, 1091.603857074497
6971, 1091.603857074497
6972, 1091.603857074497
6973, 1091.603857074497
6974, 1091.603857074497
6975, 1091.603857074497
6976, 1091.603857074497
6977, 1091.603857074497
6978, 1091.603857074497
6979, 1091.603857074497
6980, 1091.603857074497
6981, 1091.603857074497
6982, 1091.603857074497
6983, 1091.603857074497
6984, 1091.603857074497
6985, 1091.603857074497
6986, 1091.603857074497
6987, 1091.603857074497
6988, 1091.603857074497
6989, 1091.603857074497
6990, 1091.603857074497
6991, 1091.603857074497
6992, 1091.603857074497
6993, 1091.603857074497
6994, 1091.603857074497
6995, 1091.603857074497
6996, 1091.603857074497
6997, 1091.603857074497
6998, 1091.603857074497
6999, 1091.603857074497
7000, 1091.603857074497
7001, 1091.603857074497
7002, 1091.603857074497
7003, 1091.603857074497
7004, 1091.603857074497
7005, 1091.603857074497
7006, 1091.603857074497
7007, 1091.603857074497
7008, 1091.603857074497
7009, 1091.603857074497
7010, 1091.603857074497
7011, 1091.603857074497
7012, 1091.603857074497
7013, 1091.603857074497
7014, 1091.603857074497
7015, 1091.603857074497
7016, 1091.603857074497
7017, 1091.603857074497
7018, 1091.603857074497
7019, 1091.603857074497
7020, 1091.603857074497
7021, 1091.603857074497
7022, 1091.603857074497
7023, 1091.603857074497
7024, 1091.603857074497
7025, 1091.603857074497
7026, 1091.603857074497
7027, 1091.603857074497
7028, 1091.603857074497
7029, 1091.603857074497
7030, 1091.603857074497
7031, 1091.603857074497
7032, 1091.603857074497
7033, 1091.603857074497
7034, 1091.603857074497
7035, 1091.603857074497
7036, 1091.603857074497
7037, 1091.603857074497
7038, 1091.603857074497
7039, 1091.603857074497
7040, 1091.603857074497
7041, 1091.603857074497
7042, 1091.603857074497
7043, 1091.603857074497
7044, 1091.603857074497
7045, 1091.603857074497
7046, 1091.603857074497
7047, 1091.603857074497
7048, 1091.603857074497
7049, 1091.603857074497
7050, 1091.603857074497
7051, 1091.603857074497
7052, 1091.603857074497
7053, 1091.603857074497
7054, 1091.603857074497
7055, 1091.603857074497
7056, 1091.603857074497
7057, 1091.603857074497
7058, 1091.603857074497
7059, 1091.603857074497
7060, 1091.603857074497
7061, 1091.603857074497
7062, 1091.603857074497
7063, 1091.603857074497
7064, 1091.603857074497
7065, 1091.603857074497
7066, 1091.603857074497
7067, 1091.603857074497
7068, 1091.603857074497
7069, 1091.603857074497
7070, 1091.603857074497
7071, 1091.603857074497
7072, 1091.603857074497
7073, 1091.603857074497
7074, 1091.603857074497
7075, 1091.603857074497
7076, 1091.603857074497
7077, 1091.603857074497
7078, 1091.603857074497
7079, 1091.603857074497
7080, 1091.603857074497
7081, 1091.603857074497
7082, 1091.603857074497
7083, 1091.603857074497
7084, 1091.603857074497
7085, 1091.603857074497
7086, 1091.603857074497
7087, 1091.603857074497
7088, 1091.603857074497
7089, 1091.603857074497
7090, 1091.603857074497
7091, 1091.603857074497
7092, 1091.603857074497
7093, 1091.603857074497
7094, 1091.603857074497
7095, 1091.603857074497
7096, 1091.603857074497
7097, 1091.603857074497
7098, 1091.603857074497
7099, 1091.603857074497
7100, 1091.603857074497
7101, 1091.603857074497
7102, 1091.603857074497
7103, 1091.603857074497
7104, 1091.603857074497
7105, 1091.603857074497
7106, 1091.603857074497
7107, 1091.603857074497
7108, 1091.603857074497
7109, 1091.603857074497
7110, 1091.603857074497
7111, 1091.603857074497
7112, 1091.603857074497
7113, 1091.603857074497
7114, 1091.603857074497
7115, 1091.603857074497
7116, 1091.603857074497
7117, 1091.603857074497
7118, 1091.603857074497
7119, 1091.603857074497
7120, 1091.603857074497
7121, 1091.603857074497
7122, 1091.603857074497
7123, 1091.603857074497
7124, 1091.603857074497
7125, 1091.603857074497
7126, 1091.603857074497
7127, 1091.603857074497
7128, 1091.603857074497
7129, 1091.603857074497
7130, 1091.603857074497
7131, 1091.603857074497
7132, 1091.603857074497
7133, 1091.603857074497
7134, 1091.603857074497
7135, 1091.603857074497
7136, 1091.603857074497
7137, 1091.603857074497
7138, 1091.603857074497
7139, 1091.603857074497
7140, 1091.603857074497
7141, 1091.603857074497
7142, 1091.603857074497
7143, 1091.603857074497
7144, 1091.603857074497
7145, 1091.603857074497
7146, 1091.603857074497
7147, 1091.603857074497
7148, 1091.603857074497
7149, 1091.603857074497
7150, 1091.603857074497
7151, 1091.603857074497
7152, 1091.603857074497
7153, 1091.603857074497
7154, 1091.603857074497
7155, 1091.603857074497
7156, 1091.603857074497
7157, 1091.603857074497
7158, 1091.603857074497
7159, 1091.603857074497
7160, 1091.603857074497
7161, 1091.603857074497
7162, 1091.603857074497
7163, 1091.603857074497
7164, 1091.603857074497
7165, 1091.603857074497
7166, 1091.603857074497
7167, 1091.603857074497
7168, 1091.603857074497
7169, 1091.603857074497
7170, 1091.603857074497
7171, 1091.603857074497
7172, 1091.603857074497
7173, 1091.603857074497
7174, 1091.603857074497
7175, 1091.603857074497
7176, 1091.603857074497
7177, 1091.603857074497
7178, 1091.603857074497
7179, 1091.603857074497
7180, 1091.603857074497
7181, 1091.603857074497
7182, 1091.603857074497
7183, 1091.603857074497
7184, 1091.603857074497
7185, 1091.603857074497
7186, 1091.603857074497
7187, 1091.603857074497
7188, 1091.603857074497
7189, 1091.603857074497
7190, 1091.603857074497
7191, 1091.603857074497
7192, 1091.603857074497
7193, 1091.603857074497
7194, 1091.603857074497
7195, 1091.603857074497
7196, 1091.603857074497
7197, 1091.603857074497
7198, 1091.603857074497
7199, 1091.603857074497
7200, 1091.603857074497
7201, 1091.603857074497
7202, 1091.603857074497
7203, 1091.603857074497
7204, 1091.603857074497
7205, 1091.603857074497
7206, 1091.603857074497
7207, 1091.603857074497
7208, 1091.603857074497
7209, 1091.603857074497
7210, 1091.603857074497
7211, 1091.603857074497
7212, 1091.603857074497
7213, 1091.603857074497
7214, 1091.603857074497
7215, 1091.603857074497
7216, 1091.603857074497
7217, 1091.603857074497
7218, 1091.603857074497
7219, 1091.603857074497
7220, 1091.603857074497
7221, 1091.603857074497
7222, 1091.603857074497
7223, 1091.603857074497
7224, 1091.603857074497
7225, 1091.603857074497
7226, 1091.603857074497
7227, 1091.603857074497
7228, 1091.603857074497
7229, 1091.603857074497
7230, 1091.603857074497
7231, 1091.603857074497
7232, 1091.603857074497
7233, 1091.603857074497
7234, 1091.603857074497
7235, 1091.603857074497
7236, 1091.603857074497
7237, 1091.603857074497
7238, 1091.603857074497
7239, 1091.603857074497
7240, 1091.603857074497
7241, 1091.603857074497
7242, 1091.603857074497
7243, 1091.603857074497
7244, 1091.603857074497
7245, 1091.603857074497
7246, 1091.603857074497
7247, 1091.603857074497
7248, 1091.603857074497
7249, 1091.603857074497
7250, 1091.603857074497
7251, 1091.603857074497
7252, 1091.603857074497
7253, 1091.603857074497
7254, 1091.603857074497
7255, 1091.603857074497
7256, 1091.603857074497
7257, 1091.603857074497
7258, 1091.603857074497
7259, 1091.603857074497
7260, 1091.603857074497
7261, 1091.603857074497
7262, 1091.603857074497
7263, 1091.603857074497
7264, 1091.603857074497
7265, 1091.603857074497
7266, 1091.603857074497
7267, 1091.603857074497
7268, 1091.603857074497
7269, 1091.603857074497
7270, 1091.603857074497
7271, 1091.603857074497
7272, 1091.603857074497
7273, 1091.603857074497
7274, 1091.603857074497
7275, 1091.603857074497
7276, 1091.603857074497
7277, 1091.603857074497
7278, 1091.603857074497
7279, 1091.603857074497
7280, 1091.603857074497
7281, 1091.603857074497
7282, 1091.603857074497
7283, 1091.603857074497
7284, 1091.603857074497
7285, 1091.603857074497
7286, 1091.603857074497
7287, 1091.603857074497
7288, 1091.603857074497
7289, 1091.603857074497
7290, 1091.603857074497
7291, 1091.603857074497
7292, 1091.603857074497
7293, 1091.603857074497
7294, 1091.603857074497
7295, 1091.603857074497
7296, 1091.603857074497
7297, 1091.603857074497
7298, 1091.603857074497
7299, 1091.603857074497
7300, 1091.603857074497
7301, 1091.603857074497
7302, 1091.603857074497
7303, 1091.603857074497
7304, 1091.603857074497
7305, 1091.603857074497
7306, 1091.603857074497
7307, 1091.603857074497
7308, 1091.603857074497
7309, 1091.603857074497
7310, 1091.603857074497
7311, 1091.603857074497
7312, 1091.603857074497
7313, 1091.603857074497
7314, 1091.603857074497
7315, 1091.603857074497
7316, 1091.603857074497
7317, 1091.603857074497
7318, 1091.603857074497
7319, 1091.603857074497
7320, 1091.603857074497
7321, 1091.603857074497
7322, 1091.603857074497
7323, 1091.603857074497
7324, 1091.603857074497
7325, 1091.603857074497
7326, 1091.603857074497
7327, 1091.603857074497
7328, 1091.603857074497
7329, 1091.603857074497
7330, 1091.603857074497
7331, 1091.603857074497
7332, 1091.603857074497
7333, 1091.603857074497
7334, 1091.603857074497
7335, 1091.603857074497
7336, 1091.603857074497
7337, 1091.603857074497
7338, 1091.603857074497
7339, 1091.603857074497
7340, 1091.603857074497
7341, 1091.603857074497
7342, 1091.603857074497
7343, 1091.603857074497
7344, 1091.603857074497
7345, 1091.603857074497
7346, 1091.603857074497
7347, 1091.603857074497
7348, 1091.603857074497
7349, 1091.603857074497
7350, 1091.603857074497
7351, 1091.603857074497
7352, 1091.603857074497
7353, 1091.603857074497
7354, 1091.603857074497
7355, 1091.603857074497
7356, 1091.603857074497
7357, 1091.603857074497
7358, 1091.603857074497
7359, 1091.603857074497
7360, 1091.603857074497
7361, 1091.603857074497
7362, 1091.603857074497
7363, 1091.603857074497
7364, 1091.603857074497
7365, 1091.603857074497
7366, 1091.603857074497
7367, 1091.603857074497
7368, 1091.603857074497
7369, 1091.603857074497
7370, 1091.603857074497
7371, 1091.603857074497
7372, 1091.603857074497
7373, 1091.603857074497
7374, 1091.603857074497
7375, 1091.603857074497
7376, 1091.603857074497
7377, 1091.603857074497
7378, 1091.603857074497
7379, 1091.603857074497
7380, 1091.603857074497
7381, 1091.603857074497
7382, 1091.603857074497
7383, 1091.603857074497
7384, 1091.603857074497
7385, 1091.603857074497
7386, 1091.603857074497
7387, 1091.603857074497
7388, 1091.603857074497
7389, 1091.603857074497
7390, 1091.603857074497
7391, 1091.603857074497
7392, 1091.603857074497
7393, 1091.603857074497
7394, 1091.603857074497
7395, 1091.603857074497
7396, 1091.603857074497
7397, 1091.603857074497
7398, 1091.603857074497
7399, 1091.603857074497
7400, 1091.603857074497
7401, 1091.603857074497
7402, 1091.603857074497
7403, 1091.603857074497
7404, 1091.603857074497
7405, 1091.603857074497
7406, 1091.603857074497
7407, 1091.603857074497
7408, 1091.603857074497
7409, 1091.603857074497
7410, 1091.603857074497
7411, 1091.603857074497
7412, 1091.603857074497
7413, 1091.603857074497
7414, 1091.603857074497
7415, 1091.603857074497
7416, 1091.603857074497
7417, 1091.603857074497
7418, 1091.603857074497
7419, 1091.603857074497
7420, 1091.603857074497
7421, 1091.603857074497
7422, 1091.603857074497
7423, 1091.603857074497
7424, 1091.603857074497
7425, 1091.603857074497
7426, 1091.603857074497
7427, 1091.603857074497
7428, 1091.603857074497
7429, 1091.603857074497
7430, 1091.603857074497
7431, 1091.603857074497
7432, 1091.603857074497
7433, 1091.603857074497
7434, 1091.603857074497
7435, 1091.603857074497
7436, 1091.603857074497
7437, 1091.603857074497
7438, 1091.603857074497
7439, 1091.603857074497
7440, 1091.603857074497
7441, 1091.603857074497
7442, 1091.603857074497
7443, 1091.603857074497
7444, 1091.603857074497
7445, 1091.603857074497
7446, 1091.603857074497
7447, 1091.603857074497
7448, 1091.603857074497
7449, 1091.603857074497
7450, 1091.603857074497
7451, 1091.603857074497
7452, 1091.603857074497
7453, 1091.603857074497
7454, 1091.603857074497
7455, 1091.603857074497
7456, 1091.603857074497
7457, 1091.603857074497
